"timestamp","postcode","suburb","state","area_type","product","ondemand_shown","promise_text_verbatim","promise_type","ondemand_price_aud","standard_promise_text","standard_price_aud","labelled_fastest","notes","observation_state","ondemand_detected_by","n_options","suggestion_selected","run_id","slot","collector_version","tz_offset","study","product_key","attempts","error_type","review_flag","slot_index","slot_time"
"2026-09-27 18:18:33","0800","Darwin City","NT","metro core","Samsung Galaxy S26 5G 256GB","Y","Choose a 2 hour window","SCHEDULED",11.99,"Delivered by 30 September",9.99,"Y","price tie - 3 non-Uber options at $9.99, first in DOM order used","ON_DEMAND_SCHEDULED","logo-alt",4,"Darwin City NT 0800","primary_20260927_v2.2.0_gha","2026-09-27 18:00","2.2.0","+0930","primary","s26",1,"","",12,"18:00"
"2026-09-27 18:18:55","0810","Casuarina","NT","metro fringe","Samsung Galaxy S26 5G 256GB","Y","Choose a 2 hour window","SCHEDULED",11.99,"Delivered by 30 September",9.99,"Y","price tie - 3 non-Uber options at $9.99, first in DOM order used","ON_DEMAND_SCHEDULED","logo-alt",4,"Casuarina NT 0810","primary_20260927_v2.2.0_gha","2026-09-27 18:00","2.2.0","+0930","primary","s26",1,"","",12,"18:00"
"2026-09-27 18:19:16","0870","Alice Springs","NT","regional","Samsung Galaxy S26 5G 256GB","N","","NONE","","","","N","No available stores found for the given location.","NO_STORE_REPORTED","",0,"Alice Springs NT 0870","primary_20260927_v2.2.0_gha","2026-09-27 18:00","2.2.0","+0930","primary","s26",1,"","",12,"18:00"
"2026-09-27 18:00:16","2000","Sydney","NSW","metro core","Samsung Galaxy S26 5G 256GB","Y","Choose a 2 hour window","SCHEDULED",11.99,"Delivered by 29 September",6.99,"Y","","ON_DEMAND_SCHEDULED","logo-alt",2,"Sydney NSW 2000","primary_20260927_v2.2.0_gha","2026-09-27 18:00","2.2.0","+0930","primary","s26",1,"","",12,"18:00"
"2026-09-27 18:00:36","2060","North Sydney","NSW","metro core","Samsung Galaxy S26 5G 256GB","Y","Choose a 2 hour window","SCHEDULED",11.99,"Delivered by 29 September",6.99,"Y","","ON_DEMAND_SCHEDULED","logo-alt",2,"North Sydney NSW 2060","primary_20260927_v2.2.0_gha","2026-09-27 18:00","2.2.0","+0930","primary","s26",1,"","",12,"18:00"
"2026-09-27 18:01:01","2170","Liverpool","NSW","metro fringe","Samsung Galaxy S26 5G 256GB","Y","Choose a 2 hour window","SCHEDULED",11.99,"Delivered by 29 September",6.99,"Y","","ON_DEMAND_SCHEDULED","logo-alt",2,"Liverpool NSW 2170","primary_20260927_v2.2.0_gha","2026-09-27 18:00","2.2.0","+0930","primary","s26",1,"","",12,"18:00"
"2026-09-27 18:02:11","2300","Newcastle","NSW","regional","Samsung Galaxy S26 5G 256GB","Y","Choose a 2 hour window","SCHEDULED",11.99,"Delivered by 2 October",6.99,"Y","","ON_DEMAND_SCHEDULED","logo-alt",4,"Newcastle NSW 2300","primary_20260927_v2.2.0_gha","2026-09-27 18:00","2.2.0","+0930","primary","s26",1,"","",12,"18:00"
"2026-09-27 18:03:00","2480","Lismore","NSW","regional","Samsung Galaxy S26 5G 256GB","N","","NONE","","Delivered by 29 September",9.99,"N","No on-demand option offered; price tie - 3 non-Uber options at $9.99, first in DOM order used","ON_DEMAND_UNAVAILABLE","",3,"Lismore NSW 2480","primary_20260927_v2.2.0_gha","2026-09-27 18:00","2.2.0","+0930","primary","s26",1,"","",12,"18:00"
"2026-09-27 18:17:48","2601","Canberra","ACT","metro core","Samsung Galaxy S26 5G 256GB","Y","Choose a 2 hour window","SCHEDULED",11.99,"Delivered by 1 October",6.99,"Y","","ON_DEMAND_SCHEDULED","logo-alt",4,"Canberra ACT 2601","primary_20260927_v2.2.0_gha","2026-09-27 18:00","2.2.0","+0930","primary","s26",1,"","",12,"18:00"
"2026-09-27 18:02:35","2650","Wagga Wagga","NSW","regional","Samsung Galaxy S26 5G 256GB","Y","Choose a 2 hour window","SCHEDULED",11.99,"Delivered by 29 September",9.99,"Y","price tie - 3 non-Uber options at $9.99, first in DOM order used","ON_DEMAND_SCHEDULED","logo-alt",4,"Wagga Wagga NSW 2650","primary_20260927_v2.2.0_gha","2026-09-27 18:00","2.2.0","+0930","primary","s26",1,"","",12,"18:00"
"2026-09-27 18:01:46","2750","Penrith","NSW","metro fringe","Samsung Galaxy S26 5G 256GB","Y","Choose a 2 hour window","SCHEDULED",11.99,"Delivered by 29 September",6.99,"Y","","ON_DEMAND_SCHEDULED","logo-alt",2,"Penrith NSW 2750","primary_20260927_v2.2.0_gha","2026-09-27 18:00","2.2.0","+0930","primary","s26",2,"","",12,"18:00"
"2026-09-27 18:18:12","2900","Greenway","ACT","metro fringe","Samsung Galaxy S26 5G 256GB","Y","Choose a 2 hour window","SCHEDULED",11.99,"Delivered by 1 October",6.99,"Y","","ON_DEMAND_SCHEDULED","logo-alt",4,"Greenway ACT 2900","primary_20260927_v2.2.0_gha","2026-09-27 18:00","2.2.0","+0930","primary","s26",1,"","",12,"18:00"
"2026-09-27 18:03:23","3000","Melbourne","VIC","metro core","Samsung Galaxy S26 5G 256GB","Y","Choose a 2 hour window","SCHEDULED",11.99,"Delivered by 29 September",6.99,"Y","","ON_DEMAND_SCHEDULED","logo-alt",2,"Melbourne VIC 3000","primary_20260927_v2.2.0_gha","2026-09-27 18:00","2.2.0","+0930","primary","s26",1,"","",12,"18:00"
"2026-09-27 18:04:09","3030","Point Cook","VIC","metro fringe","Samsung Galaxy S26 5G 256GB","Y","Choose a 2 hour window","SCHEDULED",11.99,"Delivered by 29 September",6.99,"Y","","ON_DEMAND_SCHEDULED","logo-alt",2,"Point Cook VIC 3030","primary_20260927_v2.2.0_gha","2026-09-27 18:00","2.2.0","+0930","primary","s26",1,"","",12,"18:00"
"2026-09-27 18:03:48","3121","Richmond","VIC","metro core","Samsung Galaxy S26 5G 256GB","Y","Choose a 2 hour window","SCHEDULED",11.99,"Delivered by 29 September",6.99,"Y","","ON_DEMAND_SCHEDULED","logo-alt",2,"Richmond VIC 3121","primary_20260927_v2.2.0_gha","2026-09-27 18:00","2.2.0","+0930","primary","s26",1,"","",12,"18:00"
"2026-09-27 18:04:32","3175","Dandenong","VIC","metro fringe","Samsung Galaxy S26 5G 256GB","Y","Choose a 2 hour window","SCHEDULED",11.99,"Delivered by 29 September",6.99,"Y","","ON_DEMAND_SCHEDULED","logo-alt",2,"Dandenong VIC 3175","primary_20260927_v2.2.0_gha","2026-09-27 18:00","2.2.0","+0930","primary","s26",1,"","",12,"18:00"
"2026-09-27 18:04:53","3220","Geelong","VIC","regional","Samsung Galaxy S26 5G 256GB","Y","Choose a 2 hour window","SCHEDULED",11.99,"Delivered by 29 September",6.99,"Y","","ON_DEMAND_SCHEDULED","logo-alt",2,"Geelong VIC 3220","primary_20260927_v2.2.0_gha","2026-09-27 18:00","2.2.0","+0930","primary","s26",1,"","",12,"18:00"
"2026-09-27 18:05:37","3350","Ballarat","VIC","regional","Samsung Galaxy S26 5G 256GB","Y","Choose a 2 hour window","SCHEDULED",11.99,"Delivered by 30 September",5.99,"Y","","ON_DEMAND_SCHEDULED","logo-alt",4,"Ballarat VIC 3350","primary_20260927_v2.2.0_gha","2026-09-27 18:00","2.2.0","+0930","primary","s26",1,"","",12,"18:00"
"2026-09-27 18:05:17","3550","Bendigo","VIC","regional","Samsung Galaxy S26 5G 256GB","Y","Choose a 2 hour window","SCHEDULED",11.99,"Delivered by 29 September",9.99,"Y","price tie - 3 non-Uber options at $9.99, first in DOM order used","ON_DEMAND_SCHEDULED","logo-alt",4,"Bendigo VIC 3550","primary_20260927_v2.2.0_gha","2026-09-27 18:00","2.2.0","+0930","primary","s26",1,"","",12,"18:00"
"2026-09-27 18:06:03","4000","Brisbane City","QLD","metro core","Samsung Galaxy S26 5G 256GB","Y","Choose a 2 hour window","SCHEDULED",11.99,"Delivered by 29 September",6.99,"Y","","ON_DEMAND_SCHEDULED","logo-alt",2,"Brisbane City QLD 4000","primary_20260927_v2.2.0_gha","2026-09-27 18:00","2.2.0","+0930","primary","s26",1,"","",12,"18:00"
"2026-09-27 18:06:27","4006","Fortitude Valley","QLD","metro core","Samsung Galaxy S26 5G 256GB","Y","Choose a 2 hour window","SCHEDULED",11.99,"Delivered by 29 September",6.99,"Y","","ON_DEMAND_SCHEDULED","logo-alt",2,"Fortitude Valley QLD 4006","primary_20260927_v2.2.0_gha","2026-09-27 18:00","2.2.0","+0930","primary","s26",1,"","",12,"18:00"
"2026-09-27 18:07:33","4178","Wynnum","QLD","metro fringe","Samsung Galaxy S26 5G 256GB","Y","Choose a 2 hour window","SCHEDULED",11.99,"Delivered by 29 September",6.99,"Y","","ON_DEMAND_SCHEDULED","logo-alt",2,"Wynnum QLD 4178","primary_20260927_v2.2.0_gha","2026-09-27 18:00","2.2.0","+0930","primary","s26",2,"","",12,"18:00"
"2026-09-27 18:06:51","4300","Springfield","QLD","metro fringe","Samsung Galaxy S26 5G 256GB","Y","Choose a 2 hour window","SCHEDULED",11.99,"Delivered by 29 September",6.99,"Y","","ON_DEMAND_SCHEDULED","logo-alt",2,"Springfield QLD 4300","primary_20260927_v2.2.0_gha","2026-09-27 18:00","2.2.0","+0930","primary","s26",1,"","",12,"18:00"
"2026-09-27 18:07:55","4350","Toowoomba City","QLD","regional","Samsung Galaxy S26 5G 256GB","Y","Choose a 2 hour window","SCHEDULED",11.99,"Delivered by 29 September",9.99,"Y","price tie - 3 non-Uber options at $9.99, first in DOM order used","ON_DEMAND_SCHEDULED","logo-alt",4,"Toowoomba City QLD 4350","primary_20260927_v2.2.0_gha","2026-09-27 18:00","2.2.0","+0930","primary","s26",1,"","",12,"18:00"
"2026-09-27 18:08:17","4740","Mackay","QLD","regional","Samsung Galaxy S26 5G 256GB","N","","NONE","","Delivered by 29 September",9.99,"N","No on-demand option offered; price tie - 3 non-Uber options at $9.99, first in DOM order used","ON_DEMAND_UNAVAILABLE","",3,"Mackay QLD 4740","primary_20260927_v2.2.0_gha","2026-09-27 18:00","2.2.0","+0930","primary","s26",1,"","",12,"18:00"
"2026-09-27 18:08:42","4870","Cairns","QLD","regional","Samsung Galaxy S26 5G 256GB","Y","Choose a 2 hour window","SCHEDULED",11.99,"Delivered by 29 September",9.99,"Y","price tie - 3 non-Uber options at $9.99, first in DOM order used","ON_DEMAND_SCHEDULED","logo-alt",4,"Cairns QLD 4870","primary_20260927_v2.2.0_gha","2026-09-27 18:00","2.2.0","+0930","primary","s26",1,"","",12,"18:00"
"2026-09-27 18:09:07","5000","Adelaide","SA","metro core","Samsung Galaxy S26 5G 256GB","Y","Choose a 2 hour window","SCHEDULED",11.99,"Delivered by 29 September",6.99,"Y","","ON_DEMAND_SCHEDULED","logo-alt",2,"Adelaide SA 5000","primary_20260927_v2.2.0_gha","2026-09-27 18:00","2.2.0","+0930","primary","s26",1,"","",12,"18:00"
"2026-09-27 18:10:19","5022","Grange","SA","metro fringe","Samsung Galaxy S26 5G 256GB","Y","Choose a 2 hour window","SCHEDULED",11.99,"Delivered by 29 September",6.99,"Y","","ON_DEMAND_SCHEDULED","logo-alt",2,"Grange SA 5022","primary_20260927_v2.2.0_gha","2026-09-27 18:00","2.2.0","+0930","primary","s26",1,"","",12,"18:00"
"2026-09-27 18:09:53","5034","Millswood","SA","metro core","Samsung Galaxy S26 5G 256GB","Y","Choose a 2 hour window","SCHEDULED",11.99,"Delivered by 29 September",6.99,"Y","","ON_DEMAND_SCHEDULED","logo-alt",2,"Millswood SA 5034","primary_20260927_v2.2.0_gha","2026-09-27 18:00","2.2.0","+0930","primary","s26",1,"","",12,"18:00"
"2026-09-27 18:09:30","5067","Norwood","SA","metro core","Samsung Galaxy S26 5G 256GB","Y","Choose a 2 hour window","SCHEDULED",11.99,"Delivered by 29 September",6.99,"Y","","ON_DEMAND_SCHEDULED","logo-alt",2,"Norwood SA 5067","primary_20260927_v2.2.0_gha","2026-09-27 18:00","2.2.0","+0930","primary","s26",1,"","",12,"18:00"
"2026-09-27 18:11:29","5095","Mawson Lakes","SA","metro fringe","Samsung Galaxy S26 5G 256GB","Y","Choose a 2 hour window","SCHEDULED",11.99,"Delivered by 29 September",6.99,"Y","","ON_DEMAND_SCHEDULED","logo-alt",2,"Mawson Lakes SA 5095","primary_20260927_v2.2.0_gha","2026-09-27 18:00","2.2.0","+0930","primary","s26",1,"","",12,"18:00"
"2026-09-27 18:10:44","5108","Salisbury","SA","metro fringe","Samsung Galaxy S26 5G 256GB","Y","Choose a 2 hour window","SCHEDULED",11.99,"Delivered by 29 September",6.99,"Y","","ON_DEMAND_SCHEDULED","logo-alt",2,"Salisbury SA 5108","primary_20260927_v2.2.0_gha","2026-09-27 18:00","2.2.0","+0930","primary","s26",1,"","",12,"18:00"
"2026-09-27 18:11:53","5114","Smithfield","SA","outer metro","Samsung Galaxy S26 5G 256GB","Y","Choose a 2 hour window","SCHEDULED",11.99,"Delivered by 29 September",6.99,"Y","","ON_DEMAND_SCHEDULED","logo-alt",2,"Smithfield SA 5114","primary_20260927_v2.2.0_gha","2026-09-27 18:00","2.2.0","+0930","primary","s26",1,"","",12,"18:00"
"2026-09-27 18:11:07","5162","Morphett Vale","SA","metro fringe","Samsung Galaxy S26 5G 256GB","Y","Choose a 2 hour window","SCHEDULED",11.99,"Delivered by 29 September",6.99,"Y","","ON_DEMAND_SCHEDULED","logo-alt",2,"Morphett Vale SA 5162","primary_20260927_v2.2.0_gha","2026-09-27 18:00","2.2.0","+0930","primary","s26",1,"","",12,"18:00"
"2026-09-27 18:12:14","5251","Mount Barker","SA","outer metro","Samsung Galaxy S26 5G 256GB","N","","NONE","","Delivered by 29 September",9.99,"N","No on-demand option offered; price tie - 3 non-Uber options at $9.99, first in DOM order used","ON_DEMAND_UNAVAILABLE","",3,"Mount Barker SA 5251","primary_20260927_v2.2.0_gha","2026-09-27 18:00","2.2.0","+0930","primary","s26",1,"","",12,"18:00"
"2026-09-27 18:12:38","5290","Mount Gambier","SA","regional","Samsung Galaxy S26 5G 256GB","N","","NONE","","Delivered by 29 September",9.99,"N","No on-demand option offered; price tie - 3 non-Uber options at $9.99, first in DOM order used","ON_DEMAND_UNAVAILABLE","",3,"Mount Gambier SA 5290","primary_20260927_v2.2.0_gha","2026-09-27 18:00","2.2.0","+0930","primary","s26",1,"","",12,"18:00"
"2026-09-27 18:13:17","5606","Port Lincoln","SA","regional","Samsung Galaxy S26 5G 256GB","N","","NONE","","","","N","No available stores found for the given location.","NO_STORE_REPORTED","",0,"Port Lincoln SA 5606","primary_20260927_v2.2.0_gha","2026-09-27 18:00","2.2.0","+0930","primary","s26",1,"","",12,"18:00"
"2026-09-27 18:12:59","5700","Port Augusta","SA","regional","Samsung Galaxy S26 5G 256GB","N","","NONE","","","","N","No available stores found for the given location.","NO_STORE_REPORTED","",0,"Port Augusta SA 5700","primary_20260927_v2.2.0_gha","2026-09-27 18:00","2.2.0","+0930","primary","s26",1,"","",12,"18:00"
"2026-09-27 18:13:38","6000","Perth","WA","metro core","Samsung Galaxy S26 5G 256GB","Y","Choose a 2 hour window","SCHEDULED",11.99,"Delivered by 29 September",6.99,"Y","","ON_DEMAND_SCHEDULED","logo-alt",2,"Perth WA 6000","primary_20260927_v2.2.0_gha","2026-09-27 18:00","2.2.0","+0930","primary","s26",1,"","",12,"18:00"
"2026-09-27 18:13:59","6008","Subiaco","WA","metro core","Samsung Galaxy S26 5G 256GB","Y","Choose a 2 hour window","SCHEDULED",11.99,"Delivered by 29 September",6.99,"Y","","ON_DEMAND_SCHEDULED","logo-alt",2,"Subiaco WA 6008","primary_20260927_v2.2.0_gha","2026-09-27 18:00","2.2.0","+0930","primary","s26",1,"","",12,"18:00"
"2026-09-27 18:14:43","6030","Clarkson","WA","metro fringe","Samsung Galaxy S26 5G 256GB","Y","Choose a 2 hour window","SCHEDULED",11.99,"Delivered by 29 September",6.99,"Y","","ON_DEMAND_SCHEDULED","logo-alt",2,"Clarkson WA 6030","primary_20260927_v2.2.0_gha","2026-09-27 18:00","2.2.0","+0930","primary","s26",1,"","",12,"18:00"
"2026-09-27 18:14:23","6164","Success","WA","metro fringe","Samsung Galaxy S26 5G 256GB","Y","Choose a 2 hour window","SCHEDULED",11.99,"Delivered by 29 September",6.99,"Y","","ON_DEMAND_SCHEDULED","logo-alt",2,"Success WA 6164","primary_20260927_v2.2.0_gha","2026-09-27 18:00","2.2.0","+0930","primary","s26",1,"","",12,"18:00"
"2026-09-27 18:15:09","6230","Bunbury","WA","regional","Samsung Galaxy S26 5G 256GB","Y","Choose a 2 hour window","SCHEDULED",11.99,"Delivered by 30 September",9.99,"Y","price tie - 3 non-Uber options at $9.99, first in DOM order used","ON_DEMAND_SCHEDULED","logo-alt",4,"Bunbury WA 6230","primary_20260927_v2.2.0_gha","2026-09-27 18:00","2.2.0","+0930","primary","s26",1,"","",12,"18:00"
"2026-09-27 18:15:32","6430","Kalgoorlie","WA","regional","Samsung Galaxy S26 5G 256GB","N","","NONE","","","","N","No available stores found for the given location.","NO_STORE_REPORTED","",0,"Kalgoorlie WA 6430","primary_20260927_v2.2.0_gha","2026-09-27 18:00","2.2.0","+0930","primary","s26",1,"","",12,"18:00"
"2026-09-27 18:15:53","6530","Geraldton","WA","regional","Samsung Galaxy S26 5G 256GB","N","","NONE","","","","N","No available stores found for the given location.","NO_STORE_REPORTED","",0,"Geraldton WA 6530","primary_20260927_v2.2.0_gha","2026-09-27 18:00","2.2.0","+0930","primary","s26",1,"","",12,"18:00"
"2026-09-27 18:16:17","7000","Hobart","TAS","metro core","Samsung Galaxy S26 5G 256GB","Y","Choose a 2 hour window","SCHEDULED",11.99,"Delivered by 30 September",6.99,"Y","","ON_DEMAND_SCHEDULED","logo-alt",4,"Hobart TAS 7000","primary_20260927_v2.2.0_gha","2026-09-27 18:00","2.2.0","+0930","primary","s26",1,"","",12,"18:00"
"2026-09-27 18:16:40","7010","Glenorchy","TAS","metro fringe","Samsung Galaxy S26 5G 256GB","Y","Choose a 2 hour window","SCHEDULED",11.99,"Delivered by 1 October",6.99,"Y","","ON_DEMAND_SCHEDULED","logo-alt",4,"Glenorchy TAS 7010","primary_20260927_v2.2.0_gha","2026-09-27 18:00","2.2.0","+0930","primary","s26",1,"","",12,"18:00"
"2026-09-27 18:17:05","7250","Launceston","TAS","regional","Samsung Galaxy S26 5G 256GB","Y","Choose a 2 hour window","SCHEDULED",11.99,"Delivered by 30 September",6.99,"Y","","ON_DEMAND_SCHEDULED","logo-alt",4,"Launceston TAS 7250","primary_20260927_v2.2.0_gha","2026-09-27 18:00","2.2.0","+0930","primary","s26",1,"","",12,"18:00"
"2026-09-27 18:17:26","7320","Burnie","TAS","regional","Samsung Galaxy S26 5G 256GB","N","","NONE","","Delivered by 30 September",6.99,"N","No on-demand option offered","ON_DEMAND_UNAVAILABLE","",3,"Burnie TAS 7320","primary_20260927_v2.2.0_gha","2026-09-27 18:00","2.2.0","+0930","primary","s26",1,"","",12,"18:00"
"2026-09-27 18:48:10","0800","Darwin City","NT","metro core","Samsung Galaxy S26 5G 256GB","Y","Choose a 2 hour window","SCHEDULED",11.99,"Delivered by 30 September",9.99,"Y","price tie - 3 non-Uber options at $9.99, first in DOM order used","ON_DEMAND_SCHEDULED","logo-alt",4,"Darwin City NT 0800","primary_20260927_v2.2.0_gha","2026-09-27 18:30","2.2.0","+0930","primary","s26",1,"","",13,"18:30"
"2026-09-27 18:48:35","0810","Casuarina","NT","metro fringe","Samsung Galaxy S26 5G 256GB","Y","Choose a 2 hour window","SCHEDULED",11.99,"Delivered by 30 September",9.99,"Y","price tie - 3 non-Uber options at $9.99, first in DOM order used","ON_DEMAND_SCHEDULED","logo-alt",4,"Casuarina NT 0810","primary_20260927_v2.2.0_gha","2026-09-27 18:30","2.2.0","+0930","primary","s26",1,"","",13,"18:30"
"2026-09-27 18:48:58","0870","Alice Springs","NT","regional","Samsung Galaxy S26 5G 256GB","N","","NONE","","","","N","No available stores found for the given location.","NO_STORE_REPORTED","",0,"Alice Springs NT 0870","primary_20260927_v2.2.0_gha","2026-09-27 18:30","2.2.0","+0930","primary","s26",1,"","",13,"18:30"
"2026-09-27 18:30:16","2000","Sydney","NSW","metro core","Samsung Galaxy S26 5G 256GB","Y","Choose a 2 hour window","SCHEDULED",11.99,"Delivered by 29 September",6.99,"Y","","ON_DEMAND_SCHEDULED","logo-alt",2,"Sydney NSW 2000","primary_20260927_v2.2.0_gha","2026-09-27 18:30","2.2.0","+0930","primary","s26",1,"","",13,"18:30"
"2026-09-27 18:30:43","2060","North Sydney","NSW","metro core","Samsung Galaxy S26 5G 256GB","Y","Choose a 2 hour window","SCHEDULED",11.99,"Delivered by 29 September",6.99,"Y","","ON_DEMAND_SCHEDULED","logo-alt",2,"North Sydney NSW 2060","primary_20260927_v2.2.0_gha","2026-09-27 18:30","2.2.0","+0930","primary","s26",1,"","",13,"18:30"
"2026-09-27 18:31:05","2170","Liverpool","NSW","metro fringe","Samsung Galaxy S26 5G 256GB","Y","Choose a 2 hour window","SCHEDULED",11.99,"Delivered by 29 September",6.99,"Y","","ON_DEMAND_SCHEDULED","logo-alt",2,"Liverpool NSW 2170","primary_20260927_v2.2.0_gha","2026-09-27 18:30","2.2.0","+0930","primary","s26",1,"","",13,"18:30"
"2026-09-27 18:31:50","2300","Newcastle","NSW","regional","Samsung Galaxy S26 5G 256GB","Y","Choose a 2 hour window","SCHEDULED",11.99,"Delivered by 2 October",6.99,"Y","","ON_DEMAND_SCHEDULED","logo-alt",4,"Newcastle NSW 2300","primary_20260927_v2.2.0_gha","2026-09-27 18:30","2.2.0","+0930","primary","s26",1,"","",13,"18:30"
"2026-09-27 18:32:38","2480","Lismore","NSW","regional","Samsung Galaxy S26 5G 256GB","N","","NONE","","Delivered by 29 September",9.99,"N","No on-demand option offered; price tie - 3 non-Uber options at $9.99, first in DOM order used","ON_DEMAND_UNAVAILABLE","",3,"Lismore NSW 2480","primary_20260927_v2.2.0_gha","2026-09-27 18:30","2.2.0","+0930","primary","s26",1,"","",13,"18:30"
"2026-09-27 18:47:19","2601","Canberra","ACT","metro core","Samsung Galaxy S26 5G 256GB","Y","Choose a 2 hour window","SCHEDULED",11.99,"Delivered by 1 October",6.99,"Y","","ON_DEMAND_SCHEDULED","logo-alt",4,"Canberra ACT 2601","primary_20260927_v2.2.0_gha","2026-09-27 18:30","2.2.0","+0930","primary","s26",1,"","",13,"18:30"
"2026-09-27 18:32:14","2650","Wagga Wagga","NSW","regional","Samsung Galaxy S26 5G 256GB","Y","Choose a 2 hour window","SCHEDULED",11.99,"Delivered by 29 September",9.99,"Y","price tie - 3 non-Uber options at $9.99, first in DOM order used","ON_DEMAND_SCHEDULED","logo-alt",4,"Wagga Wagga NSW 2650","primary_20260927_v2.2.0_gha","2026-09-27 18:30","2.2.0","+0930","primary","s26",1,"","",13,"18:30"
"2026-09-27 18:31:27","2750","Penrith","NSW","metro fringe","Samsung Galaxy S26 5G 256GB","Y","Choose a 2 hour window","SCHEDULED",11.99,"Delivered by 29 September",6.99,"Y","","ON_DEMAND_SCHEDULED","logo-alt",2,"Penrith NSW 2750","primary_20260927_v2.2.0_gha","2026-09-27 18:30","2.2.0","+0930","primary","s26",1,"","",13,"18:30"
"2026-09-27 18:47:45","2900","Greenway","ACT","metro fringe","Samsung Galaxy S26 5G 256GB","Y","Choose a 2 hour window","SCHEDULED",11.99,"Delivered by 1 October",6.99,"Y","","ON_DEMAND_SCHEDULED","logo-alt",4,"Greenway ACT 2900","primary_20260927_v2.2.0_gha","2026-09-27 18:30","2.2.0","+0930","primary","s26",1,"","",13,"18:30"
"2026-09-27 18:33:03","3000","Melbourne","VIC","metro core","Samsung Galaxy S26 5G 256GB","Y","Choose a 2 hour window","SCHEDULED",11.99,"Delivered by 29 September",6.99,"Y","","ON_DEMAND_SCHEDULED","logo-alt",2,"Melbourne VIC 3000","primary_20260927_v2.2.0_gha","2026-09-27 18:30","2.2.0","+0930","primary","s26",1,"","",13,"18:30"
"2026-09-27 18:33:51","3030","Point Cook","VIC","metro fringe","Samsung Galaxy S26 5G 256GB","Y","Choose a 2 hour window","SCHEDULED",11.99,"Delivered by 29 September",6.99,"Y","","ON_DEMAND_SCHEDULED","logo-alt",2,"Point Cook VIC 3030","primary_20260927_v2.2.0_gha","2026-09-27 18:30","2.2.0","+0930","primary","s26",1,"","",13,"18:30"
"2026-09-27 18:33:26","3121","Richmond","VIC","metro core","Samsung Galaxy S26 5G 256GB","Y","Choose a 2 hour window","SCHEDULED",11.99,"Delivered by 29 September",6.99,"Y","","ON_DEMAND_SCHEDULED","logo-alt",2,"Richmond VIC 3121","primary_20260927_v2.2.0_gha","2026-09-27 18:30","2.2.0","+0930","primary","s26",1,"","",13,"18:30"
"2026-09-27 18:34:11","3175","Dandenong","VIC","metro fringe","Samsung Galaxy S26 5G 256GB","Y","Choose a 2 hour window","SCHEDULED",11.99,"Delivered by 29 September",6.99,"Y","","ON_DEMAND_SCHEDULED","logo-alt",2,"Dandenong VIC 3175","primary_20260927_v2.2.0_gha","2026-09-27 18:30","2.2.0","+0930","primary","s26",1,"","",13,"18:30"
"2026-09-27 18:34:54","3220","Geelong","VIC","regional","Samsung Galaxy S26 5G 256GB","Y","Choose a 2 hour window","SCHEDULED",11.99,"Delivered by 29 September",6.99,"Y","","ON_DEMAND_SCHEDULED","logo-alt",2,"Geelong VIC 3220","primary_20260927_v2.2.0_gha","2026-09-27 18:30","2.2.0","+0930","primary","s26",2,"","",13,"18:30"
"2026-09-27 18:35:37","3350","Ballarat","VIC","regional","Samsung Galaxy S26 5G 256GB","Y","Choose a 2 hour window","SCHEDULED",11.99,"Delivered by 30 September",5.99,"Y","","ON_DEMAND_SCHEDULED","logo-alt",4,"Ballarat VIC 3350","primary_20260927_v2.2.0_gha","2026-09-27 18:30","2.2.0","+0930","primary","s26",1,"","",13,"18:30"
"2026-09-27 18:35:15","3550","Bendigo","VIC","regional","Samsung Galaxy S26 5G 256GB","Y","Choose a 2 hour window","SCHEDULED",11.99,"Delivered by 29 September",9.99,"Y","price tie - 3 non-Uber options at $9.99, first in DOM order used","ON_DEMAND_SCHEDULED","logo-alt",4,"Bendigo VIC 3550","primary_20260927_v2.2.0_gha","2026-09-27 18:30","2.2.0","+0930","primary","s26",1,"","",13,"18:30"
"2026-09-27 18:35:58","4000","Brisbane City","QLD","metro core","Samsung Galaxy S26 5G 256GB","Y","Choose a 2 hour window","SCHEDULED",11.99,"Delivered by 29 September",6.99,"Y","","ON_DEMAND_SCHEDULED","logo-alt",2,"Brisbane City QLD 4000","primary_20260927_v2.2.0_gha","2026-09-27 18:30","2.2.0","+0930","primary","s26",1,"","",13,"18:30"
"2026-09-27 18:36:23","4006","Fortitude Valley","QLD","metro core","Samsung Galaxy S26 5G 256GB","Y","Choose a 2 hour window","SCHEDULED",11.99,"Delivered by 29 September",6.99,"Y","","ON_DEMAND_SCHEDULED","logo-alt",2,"Fortitude Valley QLD 4006","primary_20260927_v2.2.0_gha","2026-09-27 18:30","2.2.0","+0930","primary","s26",1,"","",13,"18:30"
"2026-09-27 18:37:12","4178","Wynnum","QLD","metro fringe","Samsung Galaxy S26 5G 256GB","Y","Choose a 2 hour window","SCHEDULED",11.99,"Delivered by 29 September",6.99,"Y","","ON_DEMAND_SCHEDULED","logo-alt",2,"Wynnum QLD 4178","primary_20260927_v2.2.0_gha","2026-09-27 18:30","2.2.0","+0930","primary","s26",1,"","",13,"18:30"
"2026-09-27 18:36:49","4300","Springfield","QLD","metro fringe","Samsung Galaxy S26 5G 256GB","Y","Choose a 2 hour window","SCHEDULED",11.99,"Delivered by 29 September",6.99,"Y","","ON_DEMAND_SCHEDULED","logo-alt",2,"Springfield QLD 4300","primary_20260927_v2.2.0_gha","2026-09-27 18:30","2.2.0","+0930","primary","s26",1,"","",13,"18:30"
"2026-09-27 18:37:38","4350","Toowoomba City","QLD","regional","Samsung Galaxy S26 5G 256GB","Y","Choose a 2 hour window","SCHEDULED",11.99,"Delivered by 29 September",9.99,"Y","price tie - 3 non-Uber options at $9.99, first in DOM order used","ON_DEMAND_SCHEDULED","logo-alt",4,"Toowoomba City QLD 4350","primary_20260927_v2.2.0_gha","2026-09-27 18:30","2.2.0","+0930","primary","s26",1,"","",13,"18:30"
"2026-09-27 18:38:03","4740","Mackay","QLD","regional","Samsung Galaxy S26 5G 256GB","N","","NONE","","Delivered by 29 September",9.99,"N","No on-demand option offered; price tie - 3 non-Uber options at $9.99, first in DOM order used","ON_DEMAND_UNAVAILABLE","",3,"Mackay QLD 4740","primary_20260927_v2.2.0_gha","2026-09-27 18:30","2.2.0","+0930","primary","s26",1,"","",13,"18:30"
"2026-09-27 18:38:24","4870","Cairns","QLD","regional","Samsung Galaxy S26 5G 256GB","Y","Choose a 2 hour window","SCHEDULED",11.99,"Delivered by 29 September",9.99,"Y","price tie - 3 non-Uber options at $9.99, first in DOM order used","ON_DEMAND_SCHEDULED","logo-alt",4,"Cairns QLD 4870","primary_20260927_v2.2.0_gha","2026-09-27 18:30","2.2.0","+0930","primary","s26",1,"","",13,"18:30"
"2026-09-27 18:38:47","5000","Adelaide","SA","metro core","Samsung Galaxy S26 5G 256GB","Y","Choose a 2 hour window","SCHEDULED",11.99,"Delivered by 29 September",6.99,"Y","","ON_DEMAND_SCHEDULED","logo-alt",2,"Adelaide SA 5000","primary_20260927_v2.2.0_gha","2026-09-27 18:30","2.2.0","+0930","primary","s26",1,"","",13,"18:30"
"2026-09-27 18:39:56","5022","Grange","SA","metro fringe","Samsung Galaxy S26 5G 256GB","Y","Choose a 2 hour window","SCHEDULED",11.99,"Delivered by 29 September",6.99,"Y","","ON_DEMAND_SCHEDULED","logo-alt",2,"Grange SA 5022","primary_20260927_v2.2.0_gha","2026-09-27 18:30","2.2.0","+0930","primary","s26",1,"","",13,"18:30"
"2026-09-27 18:39:32","5034","Millswood","SA","metro core","Samsung Galaxy S26 5G 256GB","Y","Choose a 2 hour window","SCHEDULED",11.99,"Delivered by 29 September",6.99,"Y","","ON_DEMAND_SCHEDULED","logo-alt",2,"Millswood SA 5034","primary_20260927_v2.2.0_gha","2026-09-27 18:30","2.2.0","+0930","primary","s26",1,"","",13,"18:30"
"2026-09-27 18:39:08","5067","Norwood","SA","metro core","Samsung Galaxy S26 5G 256GB","Y","Choose a 2 hour window","SCHEDULED",11.99,"Delivered by 29 September",6.99,"Y","","ON_DEMAND_SCHEDULED","logo-alt",2,"Norwood SA 5067","primary_20260927_v2.2.0_gha","2026-09-27 18:30","2.2.0","+0930","primary","s26",1,"","",13,"18:30"
"2026-09-27 18:41:05","5095","Mawson Lakes","SA","metro fringe","Samsung Galaxy S26 5G 256GB","Y","Choose a 2 hour window","SCHEDULED",11.99,"Delivered by 29 September",6.99,"Y","","ON_DEMAND_SCHEDULED","logo-alt",2,"Mawson Lakes SA 5095","primary_20260927_v2.2.0_gha","2026-09-27 18:30","2.2.0","+0930","primary","s26",1,"","",13,"18:30"
"2026-09-27 18:40:17","5108","Salisbury","SA","metro fringe","Samsung Galaxy S26 5G 256GB","Y","Choose a 2 hour window","SCHEDULED",11.99,"Delivered by 29 September",6.99,"Y","","ON_DEMAND_SCHEDULED","logo-alt",2,"Salisbury SA 5108","primary_20260927_v2.2.0_gha","2026-09-27 18:30","2.2.0","+0930","primary","s26",1,"","",13,"18:30"
"2026-09-27 18:41:28","5114","Smithfield","SA","outer metro","Samsung Galaxy S26 5G 256GB","Y","Choose a 2 hour window","SCHEDULED",11.99,"Delivered by 29 September",6.99,"Y","","ON_DEMAND_SCHEDULED","logo-alt",2,"Smithfield SA 5114","primary_20260927_v2.2.0_gha","2026-09-27 18:30","2.2.0","+0930","primary","s26",1,"","",13,"18:30"
"2026-09-27 18:40:38","5162","Morphett Vale","SA","metro fringe","Samsung Galaxy S26 5G 256GB","Y","Choose a 2 hour window","SCHEDULED",11.99,"Delivered by 29 September",6.99,"Y","","ON_DEMAND_SCHEDULED","logo-alt",2,"Morphett Vale SA 5162","primary_20260927_v2.2.0_gha","2026-09-27 18:30","2.2.0","+0930","primary","s26",1,"","",13,"18:30"
"2026-09-27 18:41:51","5251","Mount Barker","SA","outer metro","Samsung Galaxy S26 5G 256GB","N","","NONE","","Delivered by 29 September",9.99,"N","No on-demand option offered; price tie - 3 non-Uber options at $9.99, first in DOM order used","ON_DEMAND_UNAVAILABLE","",3,"Mount Barker SA 5251","primary_20260927_v2.2.0_gha","2026-09-27 18:30","2.2.0","+0930","primary","s26",1,"","",13,"18:30"
"2026-09-27 18:42:13","5290","Mount Gambier","SA","regional","Samsung Galaxy S26 5G 256GB","N","","NONE","","Delivered by 29 September",9.99,"N","No on-demand option offered; price tie - 3 non-Uber options at $9.99, first in DOM order used","ON_DEMAND_UNAVAILABLE","",3,"Mount Gambier SA 5290","primary_20260927_v2.2.0_gha","2026-09-27 18:30","2.2.0","+0930","primary","s26",1,"","",13,"18:30"
"2026-09-27 18:42:52","5606","Port Lincoln","SA","regional","Samsung Galaxy S26 5G 256GB","N","","NONE","","","","N","No available stores found for the given location.","NO_STORE_REPORTED","",0,"Port Lincoln SA 5606","primary_20260927_v2.2.0_gha","2026-09-27 18:30","2.2.0","+0930","primary","s26",1,"","",13,"18:30"
"2026-09-27 18:42:33","5700","Port Augusta","SA","regional","Samsung Galaxy S26 5G 256GB","N","","NONE","","","","N","No available stores found for the given location.","NO_STORE_REPORTED","",0,"Port Augusta SA 5700","primary_20260927_v2.2.0_gha","2026-09-27 18:30","2.2.0","+0930","primary","s26",1,"","",13,"18:30"
"2026-09-27 18:43:16","6000","Perth","WA","metro core","Samsung Galaxy S26 5G 256GB","Y","Choose a 2 hour window","SCHEDULED",11.99,"Delivered by 29 September",6.99,"Y","","ON_DEMAND_SCHEDULED","logo-alt",2,"Perth WA 6000","primary_20260927_v2.2.0_gha","2026-09-27 18:30","2.2.0","+0930","primary","s26",1,"","",13,"18:30"
"2026-09-27 18:43:39","6008","Subiaco","WA","metro core","Samsung Galaxy S26 5G 256GB","Y","Choose a 2 hour window","SCHEDULED",11.99,"Delivered by 29 September",6.99,"Y","","ON_DEMAND_SCHEDULED","logo-alt",2,"Subiaco WA 6008","primary_20260927_v2.2.0_gha","2026-09-27 18:30","2.2.0","+0930","primary","s26",1,"","",13,"18:30"
"2026-09-27 18:44:27","6030","Clarkson","WA","metro fringe","Samsung Galaxy S26 5G 256GB","Y","Choose a 2 hour window","SCHEDULED",11.99,"Delivered by 29 September",6.99,"Y","","ON_DEMAND_SCHEDULED","logo-alt",2,"Clarkson WA 6030","primary_20260927_v2.2.0_gha","2026-09-27 18:30","2.2.0","+0930","primary","s26",1,"","",13,"18:30"
"2026-09-27 18:44:02","6164","Success","WA","metro fringe","Samsung Galaxy S26 5G 256GB","Y","Choose a 2 hour window","SCHEDULED",11.99,"Delivered by 29 September",6.99,"Y","","ON_DEMAND_SCHEDULED","logo-alt",2,"Success WA 6164","primary_20260927_v2.2.0_gha","2026-09-27 18:30","2.2.0","+0930","primary","s26",1,"","",13,"18:30"
"2026-09-27 18:44:50","6230","Bunbury","WA","regional","Samsung Galaxy S26 5G 256GB","Y","Choose a 2 hour window","SCHEDULED",11.99,"Delivered by 30 September",9.99,"Y","price tie - 3 non-Uber options at $9.99, first in DOM order used","ON_DEMAND_SCHEDULED","logo-alt",4,"Bunbury WA 6230","primary_20260927_v2.2.0_gha","2026-09-27 18:30","2.2.0","+0930","primary","s26",1,"","",13,"18:30"
"2026-09-27 18:45:08","6430","Kalgoorlie","WA","regional","Samsung Galaxy S26 5G 256GB","N","","NONE","","","","N","No available stores found for the given location.","NO_STORE_REPORTED","",0,"Kalgoorlie WA 6430","primary_20260927_v2.2.0_gha","2026-09-27 18:30","2.2.0","+0930","primary","s26",1,"","",13,"18:30"
"2026-09-27 18:45:28","6530","Geraldton","WA","regional","Samsung Galaxy S26 5G 256GB","N","","NONE","","","","N","No available stores found for the given location.","NO_STORE_REPORTED","",0,"Geraldton WA 6530","primary_20260927_v2.2.0_gha","2026-09-27 18:30","2.2.0","+0930","primary","s26",1,"","",13,"18:30"
"2026-09-27 18:45:53","7000","Hobart","TAS","metro core","Samsung Galaxy S26 5G 256GB","Y","Choose a 2 hour window","SCHEDULED",11.99,"Delivered by 30 September",6.99,"Y","","ON_DEMAND_SCHEDULED","logo-alt",4,"Hobart TAS 7000","primary_20260927_v2.2.0_gha","2026-09-27 18:30","2.2.0","+0930","primary","s26",1,"","",13,"18:30"
"2026-09-27 18:46:15","7010","Glenorchy","TAS","metro fringe","Samsung Galaxy S26 5G 256GB","Y","Choose a 2 hour window","SCHEDULED",11.99,"Delivered by 1 October",6.99,"Y","","ON_DEMAND_SCHEDULED","logo-alt",4,"Glenorchy TAS 7010","primary_20260927_v2.2.0_gha","2026-09-27 18:30","2.2.0","+0930","primary","s26",1,"","",13,"18:30"
"2026-09-27 18:46:37","7250","Launceston","TAS","regional","Samsung Galaxy S26 5G 256GB","Y","Choose a 2 hour window","SCHEDULED",11.99,"Delivered by 30 September",6.99,"Y","","ON_DEMAND_SCHEDULED","logo-alt",4,"Launceston TAS 7250","primary_20260927_v2.2.0_gha","2026-09-27 18:30","2.2.0","+0930","primary","s26",1,"","",13,"18:30"
"2026-09-27 18:46:59","7320","Burnie","TAS","regional","Samsung Galaxy S26 5G 256GB","N","","NONE","","Delivered by 30 September",6.99,"N","No on-demand option offered","ON_DEMAND_UNAVAILABLE","",3,"Burnie TAS 7320","primary_20260927_v2.2.0_gha","2026-09-27 18:30","2.2.0","+0930","primary","s26",1,"","",13,"18:30"
"2026-09-27 19:18:17","0800","Darwin City","NT","metro core","Samsung Galaxy S26 5G 256GB","Y","Choose a 2 hour window","SCHEDULED",11.99,"Delivered by 30 September",9.99,"Y","price tie - 3 non-Uber options at $9.99, first in DOM order used","ON_DEMAND_SCHEDULED","logo-alt",4,"Darwin City NT 0800","primary_20260927_v2.2.0_gha","2026-09-27 19:00","2.2.0","+0930","primary","s26",1,"","",14,"19:00"
"2026-09-27 19:18:44","0810","Casuarina","NT","metro fringe","Samsung Galaxy S26 5G 256GB","Y","Choose a 2 hour window","SCHEDULED",11.99,"Delivered by 30 September",9.99,"Y","price tie - 3 non-Uber options at $9.99, first in DOM order used","ON_DEMAND_SCHEDULED","logo-alt",4,"Casuarina NT 0810","primary_20260927_v2.2.0_gha","2026-09-27 19:00","2.2.0","+0930","primary","s26",1,"","",14,"19:00"
"2026-09-27 19:19:02","0870","Alice Springs","NT","regional","Samsung Galaxy S26 5G 256GB","N","","NONE","","","","N","No available stores found for the given location.","NO_STORE_REPORTED","",0,"Alice Springs NT 0870","primary_20260927_v2.2.0_gha","2026-09-27 19:00","2.2.0","+0930","primary","s26",1,"","",14,"19:00"
"2026-09-27 19:00:16","2000","Sydney","NSW","metro core","Samsung Galaxy S26 5G 256GB","Y","Choose a 2 hour window","SCHEDULED",11.99,"Delivered by 29 September",6.99,"Y","","ON_DEMAND_SCHEDULED","logo-alt",2,"Sydney NSW 2000","primary_20260927_v2.2.0_gha","2026-09-27 19:00","2.2.0","+0930","primary","s26",1,"","",14,"19:00"
"2026-09-27 19:00:40","2060","North Sydney","NSW","metro core","Samsung Galaxy S26 5G 256GB","Y","Choose a 2 hour window","SCHEDULED",11.99,"Delivered by 29 September",6.99,"Y","","ON_DEMAND_SCHEDULED","logo-alt",2,"North Sydney NSW 2060","primary_20260927_v2.2.0_gha","2026-09-27 19:00","2.2.0","+0930","primary","s26",1,"","",14,"19:00"
"2026-09-27 19:01:05","2170","Liverpool","NSW","metro fringe","Samsung Galaxy S26 5G 256GB","Y","Choose a 2 hour window","SCHEDULED",11.99,"Delivered by 29 September",6.99,"Y","","ON_DEMAND_SCHEDULED","logo-alt",2,"Liverpool NSW 2170","primary_20260927_v2.2.0_gha","2026-09-27 19:00","2.2.0","+0930","primary","s26",1,"","",14,"19:00"
"2026-09-27 19:01:50","2300","Newcastle","NSW","regional","Samsung Galaxy S26 5G 256GB","Y","Choose a 2 hour window","SCHEDULED",11.99,"Delivered by 2 October",6.99,"Y","","ON_DEMAND_SCHEDULED","logo-alt",4,"Newcastle NSW 2300","primary_20260927_v2.2.0_gha","2026-09-27 19:00","2.2.0","+0930","primary","s26",1,"","",14,"19:00"
"2026-09-27 19:02:36","2480","Lismore","NSW","regional","Samsung Galaxy S26 5G 256GB","N","","NONE","","Delivered by 29 September",9.99,"N","No on-demand option offered; price tie - 3 non-Uber options at $9.99, first in DOM order used","ON_DEMAND_UNAVAILABLE","",3,"Lismore NSW 2480","primary_20260927_v2.2.0_gha","2026-09-27 19:00","2.2.0","+0930","primary","s26",1,"","",14,"19:00"
"2026-09-27 19:17:29","2601","Canberra","ACT","metro core","Samsung Galaxy S26 5G 256GB","Y","Choose a 2 hour window","SCHEDULED",11.99,"Delivered by 1 October",6.99,"Y","","ON_DEMAND_SCHEDULED","logo-alt",4,"Canberra ACT 2601","primary_20260927_v2.2.0_gha","2026-09-27 19:00","2.2.0","+0930","primary","s26",1,"","",14,"19:00"
"2026-09-27 19:02:14","2650","Wagga Wagga","NSW","regional","Samsung Galaxy S26 5G 256GB","Y","Choose a 2 hour window","SCHEDULED",11.99,"Delivered by 29 September",9.99,"Y","price tie - 3 non-Uber options at $9.99, first in DOM order used","ON_DEMAND_SCHEDULED","logo-alt",4,"Wagga Wagga NSW 2650","primary_20260927_v2.2.0_gha","2026-09-27 19:00","2.2.0","+0930","primary","s26",1,"","",14,"19:00"
"2026-09-27 19:01:29","2750","Penrith","NSW","metro fringe","Samsung Galaxy S26 5G 256GB","Y","Choose a 2 hour window","SCHEDULED",11.99,"Delivered by 29 September",6.99,"Y","","ON_DEMAND_SCHEDULED","logo-alt",2,"Penrith NSW 2750","primary_20260927_v2.2.0_gha","2026-09-27 19:00","2.2.0","+0930","primary","s26",1,"","",14,"19:00"
"2026-09-27 19:17:56","2900","Greenway","ACT","metro fringe","Samsung Galaxy S26 5G 256GB","Y","Choose a 2 hour window","SCHEDULED",11.99,"Delivered by 1 October",6.99,"Y","","ON_DEMAND_SCHEDULED","logo-alt",4,"Greenway ACT 2900","primary_20260927_v2.2.0_gha","2026-09-27 19:00","2.2.0","+0930","primary","s26",1,"","",14,"19:00"
"2026-09-27 19:02:58","3000","Melbourne","VIC","metro core","Samsung Galaxy S26 5G 256GB","Y","Choose a 2 hour window","SCHEDULED",11.99,"Delivered by 29 September",6.99,"Y","","ON_DEMAND_SCHEDULED","logo-alt",2,"Melbourne VIC 3000","primary_20260927_v2.2.0_gha","2026-09-27 19:00","2.2.0","+0930","primary","s26",1,"","",14,"19:00"
"2026-09-27 19:03:41","3030","Point Cook","VIC","metro fringe","Samsung Galaxy S26 5G 256GB","Y","Choose a 2 hour window","SCHEDULED",11.99,"Delivered by 29 September",6.99,"Y","","ON_DEMAND_SCHEDULED","logo-alt",2,"Point Cook VIC 3030","primary_20260927_v2.2.0_gha","2026-09-27 19:00","2.2.0","+0930","primary","s26",1,"","",14,"19:00"
"2026-09-27 19:03:19","3121","Richmond","VIC","metro core","Samsung Galaxy S26 5G 256GB","Y","Choose a 2 hour window","SCHEDULED",11.99,"Delivered by 29 September",6.99,"Y","","ON_DEMAND_SCHEDULED","logo-alt",2,"Richmond VIC 3121","primary_20260927_v2.2.0_gha","2026-09-27 19:00","2.2.0","+0930","primary","s26",1,"","",14,"19:00"
"2026-09-27 19:04:02","3175","Dandenong","VIC","metro fringe","Samsung Galaxy S26 5G 256GB","Y","Choose a 2 hour window","SCHEDULED",11.99,"Delivered by 29 September",6.99,"Y","","ON_DEMAND_SCHEDULED","logo-alt",2,"Dandenong VIC 3175","primary_20260927_v2.2.0_gha","2026-09-27 19:00","2.2.0","+0930","primary","s26",1,"","",14,"19:00"
"2026-09-27 19:04:25","3220","Geelong","VIC","regional","Samsung Galaxy S26 5G 256GB","Y","Choose a 2 hour window","SCHEDULED",11.99,"Delivered by 29 September",6.99,"Y","","ON_DEMAND_SCHEDULED","logo-alt",2,"Geelong VIC 3220","primary_20260927_v2.2.0_gha","2026-09-27 19:00","2.2.0","+0930","primary","s26",1,"","",14,"19:00"
"2026-09-27 19:05:13","3350","Ballarat","VIC","regional","Samsung Galaxy S26 5G 256GB","Y","Choose a 2 hour window","SCHEDULED",11.99,"Delivered by 30 September",5.99,"Y","","ON_DEMAND_SCHEDULED","logo-alt",4,"Ballarat VIC 3350","primary_20260927_v2.2.0_gha","2026-09-27 19:00","2.2.0","+0930","primary","s26",1,"","",14,"19:00"
"2026-09-27 19:04:48","3550","Bendigo","VIC","regional","Samsung Galaxy S26 5G 256GB","Y","Choose a 2 hour window","SCHEDULED",11.99,"Delivered by 29 September",9.99,"Y","price tie - 3 non-Uber options at $9.99, first in DOM order used","ON_DEMAND_SCHEDULED","logo-alt",4,"Bendigo VIC 3550","primary_20260927_v2.2.0_gha","2026-09-27 19:00","2.2.0","+0930","primary","s26",1,"","",14,"19:00"
"2026-09-27 19:05:38","4000","Brisbane City","QLD","metro core","Samsung Galaxy S26 5G 256GB","Y","Choose a 2 hour window","SCHEDULED",11.99,"Delivered by 29 September",6.99,"Y","","ON_DEMAND_SCHEDULED","logo-alt",2,"Brisbane City QLD 4000","primary_20260927_v2.2.0_gha","2026-09-27 19:00","2.2.0","+0930","primary","s26",1,"","",14,"19:00"
"2026-09-27 19:06:03","4006","Fortitude Valley","QLD","metro core","Samsung Galaxy S26 5G 256GB","Y","Choose a 2 hour window","SCHEDULED",11.99,"Delivered by 29 September",6.99,"Y","","ON_DEMAND_SCHEDULED","logo-alt",2,"Fortitude Valley QLD 4006","primary_20260927_v2.2.0_gha","2026-09-27 19:00","2.2.0","+0930","primary","s26",1,"","",14,"19:00"
"2026-09-27 19:06:53","4178","Wynnum","QLD","metro fringe","Samsung Galaxy S26 5G 256GB","Y","Choose a 2 hour window","SCHEDULED",11.99,"Delivered by 29 September",6.99,"Y","","ON_DEMAND_SCHEDULED","logo-alt",2,"Wynnum QLD 4178","primary_20260927_v2.2.0_gha","2026-09-27 19:00","2.2.0","+0930","primary","s26",1,"","",14,"19:00"
"2026-09-27 19:06:28","4300","Springfield","QLD","metro fringe","Samsung Galaxy S26 5G 256GB","Y","Choose a 2 hour window","SCHEDULED",11.99,"Delivered by 29 September",6.99,"Y","","ON_DEMAND_SCHEDULED","logo-alt",2,"Springfield QLD 4300","primary_20260927_v2.2.0_gha","2026-09-27 19:00","2.2.0","+0930","primary","s26",1,"","",14,"19:00"
"2026-09-27 19:07:14","4350","Toowoomba City","QLD","regional","Samsung Galaxy S26 5G 256GB","Y","Choose a 2 hour window","SCHEDULED",11.99,"Delivered by 29 September",9.99,"Y","price tie - 3 non-Uber options at $9.99, first in DOM order used","ON_DEMAND_SCHEDULED","logo-alt",4,"Toowoomba City QLD 4350","primary_20260927_v2.2.0_gha","2026-09-27 19:00","2.2.0","+0930","primary","s26",1,"","",14,"19:00"
"2026-09-27 19:07:36","4740","Mackay","QLD","regional","Samsung Galaxy S26 5G 256GB","N","","NONE","","Delivered by 29 September",9.99,"N","No on-demand option offered; price tie - 3 non-Uber options at $9.99, first in DOM order used","ON_DEMAND_UNAVAILABLE","",3,"Mackay QLD 4740","primary_20260927_v2.2.0_gha","2026-09-27 19:00","2.2.0","+0930","primary","s26",1,"","",14,"19:00"
"2026-09-27 19:07:57","4870","Cairns","QLD","regional","Samsung Galaxy S26 5G 256GB","Y","Choose a 2 hour window","SCHEDULED",11.99,"Delivered by 29 September",9.99,"Y","price tie - 3 non-Uber options at $9.99, first in DOM order used","ON_DEMAND_SCHEDULED","logo-alt",4,"Cairns QLD 4870","primary_20260927_v2.2.0_gha","2026-09-27 19:00","2.2.0","+0930","primary","s26",1,"","",14,"19:00"
"2026-09-27 19:08:21","5000","Adelaide","SA","metro core","Samsung Galaxy S26 5G 256GB","Y","Choose a 2 hour window","SCHEDULED",11.99,"Delivered by 29 September",6.99,"Y","","ON_DEMAND_SCHEDULED","logo-alt",2,"Adelaide SA 5000","primary_20260927_v2.2.0_gha","2026-09-27 19:00","2.2.0","+0930","primary","s26",1,"","",14,"19:00"
"2026-09-27 19:09:50","5022","Grange","SA","metro fringe","Samsung Galaxy S26 5G 256GB","Y","Choose a 2 hour window","SCHEDULED",11.99,"Delivered by 29 September",6.99,"Y","","ON_DEMAND_SCHEDULED","logo-alt",2,"Grange SA 5022","primary_20260927_v2.2.0_gha","2026-09-27 19:00","2.2.0","+0930","primary","s26",2,"","",14,"19:00"
"2026-09-27 19:09:08","5034","Millswood","SA","metro core","Samsung Galaxy S26 5G 256GB","Y","Choose a 2 hour window","SCHEDULED",11.99,"Delivered by 29 September",6.99,"Y","","ON_DEMAND_SCHEDULED","logo-alt",2,"Millswood SA 5034","primary_20260927_v2.2.0_gha","2026-09-27 19:00","2.2.0","+0930","primary","s26",1,"","",14,"19:00"
"2026-09-27 19:08:45","5067","Norwood","SA","metro core","Samsung Galaxy S26 5G 256GB","Y","Choose a 2 hour window","SCHEDULED",11.99,"Delivered by 29 September",6.99,"Y","","ON_DEMAND_SCHEDULED","logo-alt",2,"Norwood SA 5067","primary_20260927_v2.2.0_gha","2026-09-27 19:00","2.2.0","+0930","primary","s26",1,"","",14,"19:00"
"2026-09-27 19:10:54","5095","Mawson Lakes","SA","metro fringe","Samsung Galaxy S26 5G 256GB","Y","Choose a 2 hour window","SCHEDULED",11.99,"Delivered by 29 September",6.99,"Y","","ON_DEMAND_SCHEDULED","logo-alt",2,"Mawson Lakes SA 5095","primary_20260927_v2.2.0_gha","2026-09-27 19:00","2.2.0","+0930","primary","s26",1,"","",14,"19:00"
"2026-09-27 19:10:11","5108","Salisbury","SA","metro fringe","Samsung Galaxy S26 5G 256GB","Y","Choose a 2 hour window","SCHEDULED",11.99,"Delivered by 29 September",6.99,"Y","","ON_DEMAND_SCHEDULED","logo-alt",2,"Salisbury SA 5108","primary_20260927_v2.2.0_gha","2026-09-27 19:00","2.2.0","+0930","primary","s26",1,"","",14,"19:00"
"2026-09-27 19:11:16","5114","Smithfield","SA","outer metro","Samsung Galaxy S26 5G 256GB","Y","Choose a 2 hour window","SCHEDULED",11.99,"Delivered by 29 September",6.99,"Y","","ON_DEMAND_SCHEDULED","logo-alt",2,"Smithfield SA 5114","primary_20260927_v2.2.0_gha","2026-09-27 19:00","2.2.0","+0930","primary","s26",1,"","",14,"19:00"
"2026-09-27 19:10:33","5162","Morphett Vale","SA","metro fringe","Samsung Galaxy S26 5G 256GB","Y","Choose a 2 hour window","SCHEDULED",11.99,"Delivered by 29 September",6.99,"Y","","ON_DEMAND_SCHEDULED","logo-alt",2,"Morphett Vale SA 5162","primary_20260927_v2.2.0_gha","2026-09-27 19:00","2.2.0","+0930","primary","s26",1,"","",14,"19:00"
"2026-09-27 19:11:37","5251","Mount Barker","SA","outer metro","Samsung Galaxy S26 5G 256GB","N","","NONE","","Delivered by 29 September",9.99,"N","No on-demand option offered; price tie - 3 non-Uber options at $9.99, first in DOM order used","ON_DEMAND_UNAVAILABLE","",3,"Mount Barker SA 5251","primary_20260927_v2.2.0_gha","2026-09-27 19:00","2.2.0","+0930","primary","s26",1,"","",14,"19:00"
"2026-09-27 19:11:57","5290","Mount Gambier","SA","regional","Samsung Galaxy S26 5G 256GB","N","","NONE","","Delivered by 29 September",9.99,"N","No on-demand option offered; price tie - 3 non-Uber options at $9.99, first in DOM order used","ON_DEMAND_UNAVAILABLE","",3,"Mount Gambier SA 5290","primary_20260927_v2.2.0_gha","2026-09-27 19:00","2.2.0","+0930","primary","s26",1,"","",14,"19:00"
"2026-09-27 19:12:41","5606","Port Lincoln","SA","regional","Samsung Galaxy S26 5G 256GB","N","","NONE","","","","N","No available stores found for the given location.","NO_STORE_REPORTED","",0,"Port Lincoln SA 5606","primary_20260927_v2.2.0_gha","2026-09-27 19:00","2.2.0","+0930","primary","s26",1,"","",14,"19:00"
"2026-09-27 19:12:18","5700","Port Augusta","SA","regional","Samsung Galaxy S26 5G 256GB","N","","NONE","","","","N","No available stores found for the given location.","NO_STORE_REPORTED","",0,"Port Augusta SA 5700","primary_20260927_v2.2.0_gha","2026-09-27 19:00","2.2.0","+0930","primary","s26",1,"","",14,"19:00"
"2026-09-27 19:13:02","6000","Perth","WA","metro core","Samsung Galaxy S26 5G 256GB","Y","Choose a 2 hour window","SCHEDULED",11.99,"Delivered by 29 September",6.99,"Y","","ON_DEMAND_SCHEDULED","logo-alt",2,"Perth WA 6000","primary_20260927_v2.2.0_gha","2026-09-27 19:00","2.2.0","+0930","primary","s26",1,"","",14,"19:00"
"2026-09-27 19:13:24","6008","Subiaco","WA","metro core","Samsung Galaxy S26 5G 256GB","Y","Choose a 2 hour window","SCHEDULED",11.99,"Delivered by 29 September",6.99,"Y","","ON_DEMAND_SCHEDULED","logo-alt",2,"Subiaco WA 6008","primary_20260927_v2.2.0_gha","2026-09-27 19:00","2.2.0","+0930","primary","s26",1,"","",14,"19:00"
"2026-09-27 19:14:10","6030","Clarkson","WA","metro fringe","Samsung Galaxy S26 5G 256GB","Y","Choose a 2 hour window","SCHEDULED",11.99,"Delivered by 29 September",6.99,"Y","","ON_DEMAND_SCHEDULED","logo-alt",2,"Clarkson WA 6030","primary_20260927_v2.2.0_gha","2026-09-27 19:00","2.2.0","+0930","primary","s26",1,"","",14,"19:00"
"2026-09-27 19:13:47","6164","Success","WA","metro fringe","Samsung Galaxy S26 5G 256GB","Y","Choose a 2 hour window","SCHEDULED",11.99,"Delivered by 29 September",6.99,"Y","","ON_DEMAND_SCHEDULED","logo-alt",2,"Success WA 6164","primary_20260927_v2.2.0_gha","2026-09-27 19:00","2.2.0","+0930","primary","s26",1,"","",14,"19:00"
"2026-09-27 19:14:34","6230","Bunbury","WA","regional","Samsung Galaxy S26 5G 256GB","Y","Choose a 2 hour window","SCHEDULED",11.99,"Delivered by 30 September",9.99,"Y","price tie - 3 non-Uber options at $9.99, first in DOM order used","ON_DEMAND_SCHEDULED","logo-alt",4,"Bunbury WA 6230","primary_20260927_v2.2.0_gha","2026-09-27 19:00","2.2.0","+0930","primary","s26",1,"","",14,"19:00"
"2026-09-27 19:14:55","6430","Kalgoorlie","WA","regional","Samsung Galaxy S26 5G 256GB","N","","NONE","","","","N","No available stores found for the given location.","NO_STORE_REPORTED","",0,"Kalgoorlie WA 6430","primary_20260927_v2.2.0_gha","2026-09-27 19:00","2.2.0","+0930","primary","s26",1,"","",14,"19:00"
"2026-09-27 19:15:37","6530","Geraldton","WA","regional","Samsung Galaxy S26 5G 256GB","N","","NONE","","","","N","No available stores found for the given location.","NO_STORE_REPORTED","",0,"Geraldton WA 6530","primary_20260927_v2.2.0_gha","2026-09-27 19:00","2.2.0","+0930","primary","s26",2,"","",14,"19:00"
"2026-09-27 19:15:58","7000","Hobart","TAS","metro core","Samsung Galaxy S26 5G 256GB","Y","Choose a 2 hour window","SCHEDULED",11.99,"Delivered by 30 September",6.99,"Y","","ON_DEMAND_SCHEDULED","logo-alt",4,"Hobart TAS 7000","primary_20260927_v2.2.0_gha","2026-09-27 19:00","2.2.0","+0930","primary","s26",1,"","",14,"19:00"
"2026-09-27 19:16:20","7010","Glenorchy","TAS","metro fringe","Samsung Galaxy S26 5G 256GB","Y","Choose a 2 hour window","SCHEDULED",11.99,"Delivered by 1 October",6.99,"Y","","ON_DEMAND_SCHEDULED","logo-alt",4,"Glenorchy TAS 7010","primary_20260927_v2.2.0_gha","2026-09-27 19:00","2.2.0","+0930","primary","s26",1,"","",14,"19:00"
"2026-09-27 19:16:42","7250","Launceston","TAS","regional","Samsung Galaxy S26 5G 256GB","Y","Choose a 2 hour window","SCHEDULED",11.99,"Delivered by 30 September",6.99,"Y","","ON_DEMAND_SCHEDULED","logo-alt",4,"Launceston TAS 7250","primary_20260927_v2.2.0_gha","2026-09-27 19:00","2.2.0","+0930","primary","s26",1,"","",14,"19:00"
"2026-09-27 19:17:04","7320","Burnie","TAS","regional","Samsung Galaxy S26 5G 256GB","N","","NONE","","Delivered by 30 September",6.99,"N","No on-demand option offered","ON_DEMAND_UNAVAILABLE","",3,"Burnie TAS 7320","primary_20260927_v2.2.0_gha","2026-09-27 19:00","2.2.0","+0930","primary","s26",1,"","",14,"19:00"
"2026-09-27 19:49:30","0800","Darwin City","NT","metro core","Samsung Galaxy S26 5G 256GB","Y","Choose a 2 hour window","SCHEDULED",11.99,"Delivered by 30 September",9.99,"Y","price tie - 3 non-Uber options at $9.99, first in DOM order used","ON_DEMAND_SCHEDULED","logo-alt",4,"Darwin City NT 0800","primary_20260927_v2.2.0_gha","2026-09-27 19:30","2.2.0","+0930","primary","s26",1,"","",15,"19:30"
"2026-09-27 19:49:54","0810","Casuarina","NT","metro fringe","Samsung Galaxy S26 5G 256GB","Y","Choose a 2 hour window","SCHEDULED",11.99,"Delivered by 30 September",9.99,"Y","price tie - 3 non-Uber options at $9.99, first in DOM order used","ON_DEMAND_SCHEDULED","logo-alt",4,"Casuarina NT 0810","primary_20260927_v2.2.0_gha","2026-09-27 19:30","2.2.0","+0930","primary","s26",1,"","",15,"19:30"
"2026-09-27 19:50:13","0870","Alice Springs","NT","regional","Samsung Galaxy S26 5G 256GB","N","","NONE","","","","N","No available stores found for the given location.","NO_STORE_REPORTED","",0,"Alice Springs NT 0870","primary_20260927_v2.2.0_gha","2026-09-27 19:30","2.2.0","+0930","primary","s26",1,"","",15,"19:30"
"2026-09-27 19:30:15","2000","Sydney","NSW","metro core","Samsung Galaxy S26 5G 256GB","Y","Choose a 2 hour window","SCHEDULED",11.99,"Delivered by 29 September",6.99,"Y","","ON_DEMAND_SCHEDULED","logo-alt",2,"Sydney NSW 2000","primary_20260927_v2.2.0_gha","2026-09-27 19:30","2.2.0","+0930","primary","s26",1,"","",15,"19:30"
"2026-09-27 19:30:37","2060","North Sydney","NSW","metro core","Samsung Galaxy S26 5G 256GB","Y","Choose a 2 hour window","SCHEDULED",11.99,"Delivered by 29 September",6.99,"Y","","ON_DEMAND_SCHEDULED","logo-alt",2,"North Sydney NSW 2060","primary_20260927_v2.2.0_gha","2026-09-27 19:30","2.2.0","+0930","primary","s26",1,"","",15,"19:30"
"2026-09-27 19:31:00","2170","Liverpool","NSW","metro fringe","Samsung Galaxy S26 5G 256GB","Y","Choose a 2 hour window","SCHEDULED",11.99,"Delivered by 29 September",6.99,"Y","","ON_DEMAND_SCHEDULED","logo-alt",2,"Liverpool NSW 2170","primary_20260927_v2.2.0_gha","2026-09-27 19:30","2.2.0","+0930","primary","s26",1,"","",15,"19:30"
"2026-09-27 19:32:07","2300","Newcastle","NSW","regional","Samsung Galaxy S26 5G 256GB","Y","Choose a 2 hour window","SCHEDULED",11.99,"Delivered by 2 October",6.99,"Y","","ON_DEMAND_SCHEDULED","logo-alt",4,"Newcastle NSW 2300","primary_20260927_v2.2.0_gha","2026-09-27 19:30","2.2.0","+0930","primary","s26",2,"","",15,"19:30"
"2026-09-27 19:32:56","2480","Lismore","NSW","regional","Samsung Galaxy S26 5G 256GB","N","","NONE","","Delivered by 29 September",9.99,"N","No on-demand option offered; price tie - 3 non-Uber options at $9.99, first in DOM order used","ON_DEMAND_UNAVAILABLE","",3,"Lismore NSW 2480","primary_20260927_v2.2.0_gha","2026-09-27 19:30","2.2.0","+0930","primary","s26",1,"","",15,"19:30"
"2026-09-27 19:48:48","2601","Canberra","ACT","metro core","Samsung Galaxy S26 5G 256GB","Y","Choose a 2 hour window","SCHEDULED",11.99,"Delivered by 1 October",6.99,"Y","","ON_DEMAND_SCHEDULED","logo-alt",4,"Canberra ACT 2601","primary_20260927_v2.2.0_gha","2026-09-27 19:30","2.2.0","+0930","primary","s26",1,"","",15,"19:30"
"2026-09-27 19:32:31","2650","Wagga Wagga","NSW","regional","Samsung Galaxy S26 5G 256GB","Y","Choose a 2 hour window","SCHEDULED",11.99,"Delivered by 29 September",9.99,"Y","price tie - 3 non-Uber options at $9.99, first in DOM order used","ON_DEMAND_SCHEDULED","logo-alt",4,"Wagga Wagga NSW 2650","primary_20260927_v2.2.0_gha","2026-09-27 19:30","2.2.0","+0930","primary","s26",1,"","",15,"19:30"
"2026-09-27 19:31:24","2750","Penrith","NSW","metro fringe","Samsung Galaxy S26 5G 256GB","Y","Choose a 2 hour window","SCHEDULED",11.99,"Delivered by 29 September",6.99,"Y","","ON_DEMAND_SCHEDULED","logo-alt",2,"Penrith NSW 2750","primary_20260927_v2.2.0_gha","2026-09-27 19:30","2.2.0","+0930","primary","s26",1,"","",15,"19:30"
"2026-09-27 19:49:09","2900","Greenway","ACT","metro fringe","Samsung Galaxy S26 5G 256GB","Y","Choose a 2 hour window","SCHEDULED",11.99,"Delivered by 1 October",6.99,"Y","","ON_DEMAND_SCHEDULED","logo-alt",4,"Greenway ACT 2900","primary_20260927_v2.2.0_gha","2026-09-27 19:30","2.2.0","+0930","primary","s26",1,"","",15,"19:30"
"2026-09-27 19:33:20","3000","Melbourne","VIC","metro core","Samsung Galaxy S26 5G 256GB","Y","Choose a 2 hour window","SCHEDULED",11.99,"Delivered by 29 September",6.99,"Y","","ON_DEMAND_SCHEDULED","logo-alt",2,"Melbourne VIC 3000","primary_20260927_v2.2.0_gha","2026-09-27 19:30","2.2.0","+0930","primary","s26",1,"","",15,"19:30"
"2026-09-27 19:34:26","3030","Point Cook","VIC","metro fringe","Samsung Galaxy S26 5G 256GB","Y","Choose a 2 hour window","SCHEDULED",11.99,"Delivered by 29 September",6.99,"Y","","ON_DEMAND_SCHEDULED","logo-alt",2,"Point Cook VIC 3030","primary_20260927_v2.2.0_gha","2026-09-27 19:30","2.2.0","+0930","primary","s26",1,"","",15,"19:30"
"2026-09-27 19:34:03","3121","Richmond","VIC","metro core","Samsung Galaxy S26 5G 256GB","Y","Choose a 2 hour window","SCHEDULED",11.99,"Delivered by 29 September",6.99,"Y","","ON_DEMAND_SCHEDULED","logo-alt",2,"Richmond VIC 3121","primary_20260927_v2.2.0_gha","2026-09-27 19:30","2.2.0","+0930","primary","s26",2,"","",15,"19:30"
"2026-09-27 19:34:52","3175","Dandenong","VIC","metro fringe","Samsung Galaxy S26 5G 256GB","Y","Choose a 2 hour window","SCHEDULED",11.99,"Delivered by 29 September",6.99,"Y","","ON_DEMAND_SCHEDULED","logo-alt",2,"Dandenong VIC 3175","primary_20260927_v2.2.0_gha","2026-09-27 19:30","2.2.0","+0930","primary","s26",1,"","",15,"19:30"
"2026-09-27 19:35:35","3220","Geelong","VIC","regional","Samsung Galaxy S26 5G 256GB","Y","Choose a 2 hour window","SCHEDULED",11.99,"Delivered by 29 September",6.99,"Y","","ON_DEMAND_SCHEDULED","logo-alt",2,"Geelong VIC 3220","primary_20260927_v2.2.0_gha","2026-09-27 19:30","2.2.0","+0930","primary","s26",2,"","",15,"19:30"
"2026-09-27 19:36:25","3350","Ballarat","VIC","regional","Samsung Galaxy S26 5G 256GB","Y","Choose a 2 hour window","SCHEDULED",11.99,"Delivered by 1 October",5.99,"Y","","ON_DEMAND_SCHEDULED","logo-alt",4,"Ballarat VIC 3350","primary_20260927_v2.2.0_gha","2026-09-27 19:30","2.2.0","+0930","primary","s26",1,"","",15,"19:30"
"2026-09-27 19:35:59","3550","Bendigo","VIC","regional","Samsung Galaxy S26 5G 256GB","Y","Choose a 2 hour window","SCHEDULED",11.99,"Delivered by 29 September",9.99,"Y","price tie - 3 non-Uber options at $9.99, first in DOM order used","ON_DEMAND_SCHEDULED","logo-alt",4,"Bendigo VIC 3550","primary_20260927_v2.2.0_gha","2026-09-27 19:30","2.2.0","+0930","primary","s26",1,"","",15,"19:30"
"2026-09-27 19:36:53","4000","Brisbane City","QLD","metro core","Samsung Galaxy S26 5G 256GB","Y","Choose a 2 hour window","SCHEDULED",11.99,"Delivered by 29 September",6.99,"Y","","ON_DEMAND_SCHEDULED","logo-alt",2,"Brisbane City QLD 4000","primary_20260927_v2.2.0_gha","2026-09-27 19:30","2.2.0","+0930","primary","s26",1,"","",15,"19:30"
"2026-09-27 19:37:37","4006","Fortitude Valley","QLD","metro core","Samsung Galaxy S26 5G 256GB","Y","Choose a 2 hour window","SCHEDULED",11.99,"Delivered by 29 September",6.99,"Y","","ON_DEMAND_SCHEDULED","logo-alt",2,"Fortitude Valley QLD 4006","primary_20260927_v2.2.0_gha","2026-09-27 19:30","2.2.0","+0930","primary","s26",2,"","",15,"19:30"
"2026-09-27 19:38:24","4178","Wynnum","QLD","metro fringe","Samsung Galaxy S26 5G 256GB","Y","Choose a 2 hour window","SCHEDULED",11.99,"Delivered by 29 September",6.99,"Y","","ON_DEMAND_SCHEDULED","logo-alt",2,"Wynnum QLD 4178","primary_20260927_v2.2.0_gha","2026-09-27 19:30","2.2.0","+0930","primary","s26",1,"","",15,"19:30"
"2026-09-27 19:37:58","4300","Springfield","QLD","metro fringe","Samsung Galaxy S26 5G 256GB","Y","Choose a 2 hour window","SCHEDULED",11.99,"Delivered by 29 September",6.99,"Y","","ON_DEMAND_SCHEDULED","logo-alt",2,"Springfield QLD 4300","primary_20260927_v2.2.0_gha","2026-09-27 19:30","2.2.0","+0930","primary","s26",1,"","",15,"19:30"
"2026-09-27 19:38:46","4350","Toowoomba City","QLD","regional","Samsung Galaxy S26 5G 256GB","Y","Choose a 2 hour window","SCHEDULED",11.99,"Delivered by 29 September",9.99,"Y","price tie - 3 non-Uber options at $9.99, first in DOM order used","ON_DEMAND_SCHEDULED","logo-alt",4,"Toowoomba City QLD 4350","primary_20260927_v2.2.0_gha","2026-09-27 19:30","2.2.0","+0930","primary","s26",1,"","",15,"19:30"
"2026-09-27 19:39:09","4740","Mackay","QLD","regional","Samsung Galaxy S26 5G 256GB","N","","NONE","","Delivered by 29 September",9.99,"N","No on-demand option offered; price tie - 3 non-Uber options at $9.99, first in DOM order used","ON_DEMAND_UNAVAILABLE","",3,"Mackay QLD 4740","primary_20260927_v2.2.0_gha","2026-09-27 19:30","2.2.0","+0930","primary","s26",1,"","",15,"19:30"
"2026-09-27 19:39:34","4870","Cairns","QLD","regional","Samsung Galaxy S26 5G 256GB","Y","Choose a 2 hour window","SCHEDULED",11.99,"Delivered by 29 September",9.99,"Y","price tie - 3 non-Uber options at $9.99, first in DOM order used","ON_DEMAND_SCHEDULED","logo-alt",4,"Cairns QLD 4870","primary_20260927_v2.2.0_gha","2026-09-27 19:30","2.2.0","+0930","primary","s26",1,"","",15,"19:30"
"2026-09-27 19:39:56","5000","Adelaide","SA","metro core","Samsung Galaxy S26 5G 256GB","Y","Choose a 2 hour window","SCHEDULED",11.99,"Delivered by 29 September",6.99,"Y","","ON_DEMAND_SCHEDULED","logo-alt",2,"Adelaide SA 5000","primary_20260927_v2.2.0_gha","2026-09-27 19:30","2.2.0","+0930","primary","s26",1,"","",15,"19:30"
"2026-09-27 19:41:07","5022","Grange","SA","metro fringe","Samsung Galaxy S26 5G 256GB","Y","Choose a 2 hour window","SCHEDULED",11.99,"Delivered by 29 September",6.99,"Y","","ON_DEMAND_SCHEDULED","logo-alt",2,"Grange SA 5022","primary_20260927_v2.2.0_gha","2026-09-27 19:30","2.2.0","+0930","primary","s26",1,"","",15,"19:30"
"2026-09-27 19:40:44","5034","Millswood","SA","metro core","Samsung Galaxy S26 5G 256GB","Y","Choose a 2 hour window","SCHEDULED",11.99,"Delivered by 29 September",6.99,"Y","","ON_DEMAND_SCHEDULED","logo-alt",2,"Millswood SA 5034","primary_20260927_v2.2.0_gha","2026-09-27 19:30","2.2.0","+0930","primary","s26",1,"","",15,"19:30"
"2026-09-27 19:40:20","5067","Norwood","SA","metro core","Samsung Galaxy S26 5G 256GB","Y","Choose a 2 hour window","SCHEDULED",11.99,"Delivered by 29 September",6.99,"Y","","ON_DEMAND_SCHEDULED","logo-alt",2,"Norwood SA 5067","primary_20260927_v2.2.0_gha","2026-09-27 19:30","2.2.0","+0930","primary","s26",1,"","",15,"19:30"
"2026-09-27 19:42:14","5095","Mawson Lakes","SA","metro fringe","Samsung Galaxy S26 5G 256GB","Y","Choose a 2 hour window","SCHEDULED",11.99,"Delivered by 29 September",6.99,"Y","","ON_DEMAND_SCHEDULED","logo-alt",2,"Mawson Lakes SA 5095","primary_20260927_v2.2.0_gha","2026-09-27 19:30","2.2.0","+0930","primary","s26",1,"","",15,"19:30"
"2026-09-27 19:41:28","5108","Salisbury","SA","metro fringe","Samsung Galaxy S26 5G 256GB","Y","Choose a 2 hour window","SCHEDULED",11.99,"Delivered by 29 September",6.99,"Y","","ON_DEMAND_SCHEDULED","logo-alt",2,"Salisbury SA 5108","primary_20260927_v2.2.0_gha","2026-09-27 19:30","2.2.0","+0930","primary","s26",1,"","",15,"19:30"
"2026-09-27 19:42:36","5114","Smithfield","SA","outer metro","Samsung Galaxy S26 5G 256GB","Y","Choose a 2 hour window","SCHEDULED",11.99,"Delivered by 29 September",6.99,"Y","","ON_DEMAND_SCHEDULED","logo-alt",2,"Smithfield SA 5114","primary_20260927_v2.2.0_gha","2026-09-27 19:30","2.2.0","+0930","primary","s26",1,"","",15,"19:30"
"2026-09-27 19:41:52","5162","Morphett Vale","SA","metro fringe","Samsung Galaxy S26 5G 256GB","Y","Choose a 2 hour window","SCHEDULED",11.99,"Delivered by 29 September",6.99,"Y","","ON_DEMAND_SCHEDULED","logo-alt",2,"Morphett Vale SA 5162","primary_20260927_v2.2.0_gha","2026-09-27 19:30","2.2.0","+0930","primary","s26",1,"","",15,"19:30"
"2026-09-27 19:43:00","5251","Mount Barker","SA","outer metro","Samsung Galaxy S26 5G 256GB","N","","NONE","","Delivered by 29 September",9.99,"N","No on-demand option offered; price tie - 3 non-Uber options at $9.99, first in DOM order used","ON_DEMAND_UNAVAILABLE","",3,"Mount Barker SA 5251","primary_20260927_v2.2.0_gha","2026-09-27 19:30","2.2.0","+0930","primary","s26",1,"","",15,"19:30"
"2026-09-27 19:43:25","5290","Mount Gambier","SA","regional","Samsung Galaxy S26 5G 256GB","N","","NONE","","Delivered by 29 September",9.99,"N","No on-demand option offered; price tie - 3 non-Uber options at $9.99, first in DOM order used","ON_DEMAND_UNAVAILABLE","",3,"Mount Gambier SA 5290","primary_20260927_v2.2.0_gha","2026-09-27 19:30","2.2.0","+0930","primary","s26",1,"","",15,"19:30"
"2026-09-27 19:44:04","5606","Port Lincoln","SA","regional","Samsung Galaxy S26 5G 256GB","N","","NONE","","","","N","No available stores found for the given location.","NO_STORE_REPORTED","",0,"Port Lincoln SA 5606","primary_20260927_v2.2.0_gha","2026-09-27 19:30","2.2.0","+0930","primary","s26",1,"","",15,"19:30"
"2026-09-27 19:43:45","5700","Port Augusta","SA","regional","Samsung Galaxy S26 5G 256GB","N","","NONE","","","","N","No available stores found for the given location.","NO_STORE_REPORTED","",0,"Port Augusta SA 5700","primary_20260927_v2.2.0_gha","2026-09-27 19:30","2.2.0","+0930","primary","s26",1,"","",15,"19:30"
"2026-09-27 19:44:29","6000","Perth","WA","metro core","Samsung Galaxy S26 5G 256GB","Y","Choose a 2 hour window","SCHEDULED",11.99,"Delivered by 29 September",6.99,"Y","","ON_DEMAND_SCHEDULED","logo-alt",2,"Perth WA 6000","primary_20260927_v2.2.0_gha","2026-09-27 19:30","2.2.0","+0930","primary","s26",1,"","",15,"19:30"
"2026-09-27 19:44:53","6008","Subiaco","WA","metro core","Samsung Galaxy S26 5G 256GB","Y","Choose a 2 hour window","SCHEDULED",11.99,"Delivered by 29 September",6.99,"Y","","ON_DEMAND_SCHEDULED","logo-alt",2,"Subiaco WA 6008","primary_20260927_v2.2.0_gha","2026-09-27 19:30","2.2.0","+0930","primary","s26",1,"","",15,"19:30"
"2026-09-27 19:45:39","6030","Clarkson","WA","metro fringe","Samsung Galaxy S26 5G 256GB","Y","Choose a 2 hour window","SCHEDULED",11.99,"Delivered by 29 September",6.99,"Y","","ON_DEMAND_SCHEDULED","logo-alt",2,"Clarkson WA 6030","primary_20260927_v2.2.0_gha","2026-09-27 19:30","2.2.0","+0930","primary","s26",1,"","",15,"19:30"
"2026-09-27 19:45:14","6164","Success","WA","metro fringe","Samsung Galaxy S26 5G 256GB","Y","Choose a 2 hour window","SCHEDULED",11.99,"Delivered by 29 September",6.99,"Y","","ON_DEMAND_SCHEDULED","logo-alt",2,"Success WA 6164","primary_20260927_v2.2.0_gha","2026-09-27 19:30","2.2.0","+0930","primary","s26",1,"","",15,"19:30"
"2026-09-27 19:46:02","6230","Bunbury","WA","regional","Samsung Galaxy S26 5G 256GB","Y","Choose a 2 hour window","SCHEDULED",11.99,"Delivered by 30 September",9.99,"Y","price tie - 3 non-Uber options at $9.99, first in DOM order used","ON_DEMAND_SCHEDULED","logo-alt",4,"Bunbury WA 6230","primary_20260927_v2.2.0_gha","2026-09-27 19:30","2.2.0","+0930","primary","s26",1,"","",15,"19:30"
"2026-09-27 19:46:24","6430","Kalgoorlie","WA","regional","Samsung Galaxy S26 5G 256GB","N","","NONE","","","","N","No available stores found for the given location.","NO_STORE_REPORTED","",0,"Kalgoorlie WA 6430","primary_20260927_v2.2.0_gha","2026-09-27 19:30","2.2.0","+0930","primary","s26",1,"","",15,"19:30"
"2026-09-27 19:46:42","6530","Geraldton","WA","regional","Samsung Galaxy S26 5G 256GB","N","","NONE","","","","N","No available stores found for the given location.","NO_STORE_REPORTED","",0,"Geraldton WA 6530","primary_20260927_v2.2.0_gha","2026-09-27 19:30","2.2.0","+0930","primary","s26",1,"","",15,"19:30"
"2026-09-27 19:47:05","7000","Hobart","TAS","metro core","Samsung Galaxy S26 5G 256GB","Y","Choose a 2 hour window","SCHEDULED",11.99,"Delivered by 30 September",6.99,"Y","","ON_DEMAND_SCHEDULED","logo-alt",4,"Hobart TAS 7000","primary_20260927_v2.2.0_gha","2026-09-27 19:30","2.2.0","+0930","primary","s26",1,"","",15,"19:30"
"2026-09-27 19:47:30","7010","Glenorchy","TAS","metro fringe","Samsung Galaxy S26 5G 256GB","Y","Choose a 2 hour window","SCHEDULED",11.99,"Delivered by 1 October",6.99,"Y","","ON_DEMAND_SCHEDULED","logo-alt",4,"Glenorchy TAS 7010","primary_20260927_v2.2.0_gha","2026-09-27 19:30","2.2.0","+0930","primary","s26",1,"","",15,"19:30"
"2026-09-27 19:47:54","7250","Launceston","TAS","regional","Samsung Galaxy S26 5G 256GB","Y","Choose a 2 hour window","SCHEDULED",11.99,"Delivered by 30 September",6.99,"Y","","ON_DEMAND_SCHEDULED","logo-alt",4,"Launceston TAS 7250","primary_20260927_v2.2.0_gha","2026-09-27 19:30","2.2.0","+0930","primary","s26",1,"","",15,"19:30"
"2026-09-27 19:48:22","7320","Burnie","TAS","regional","Samsung Galaxy S26 5G 256GB","N","","NONE","","Delivered by 30 September",6.99,"N","No on-demand option offered","ON_DEMAND_UNAVAILABLE","",3,"Burnie TAS 7320","primary_20260927_v2.2.0_gha","2026-09-27 19:30","2.2.0","+0930","primary","s26",1,"","",15,"19:30"
"2026-09-27 20:18:34","0800","Darwin City","NT","metro core","Samsung Galaxy S26 5G 256GB","Y","Choose a 2 hour window","SCHEDULED",11.99,"Delivered by 30 September",9.99,"Y","price tie - 3 non-Uber options at $9.99, first in DOM order used","ON_DEMAND_SCHEDULED","logo-alt",4,"Darwin City NT 0800","primary_20260927_v2.2.0_gha","2026-09-27 20:00","2.2.0","+0930","primary","s26",1,"","",16,"20:00"
"2026-09-27 20:18:59","0810","Casuarina","NT","metro fringe","Samsung Galaxy S26 5G 256GB","Y","Choose a 2 hour window","SCHEDULED",11.99,"Delivered by 30 September",9.99,"Y","price tie - 3 non-Uber options at $9.99, first in DOM order used","ON_DEMAND_SCHEDULED","logo-alt",4,"Casuarina NT 0810","primary_20260927_v2.2.0_gha","2026-09-27 20:00","2.2.0","+0930","primary","s26",1,"","",16,"20:00"
"2026-09-27 20:19:21","0870","Alice Springs","NT","regional","Samsung Galaxy S26 5G 256GB","N","","NONE","","","","N","No available stores found for the given location.","NO_STORE_REPORTED","",0,"Alice Springs NT 0870","primary_20260927_v2.2.0_gha","2026-09-27 20:00","2.2.0","+0930","primary","s26",1,"","",16,"20:00"
"2026-09-27 20:00:16","2000","Sydney","NSW","metro core","Samsung Galaxy S26 5G 256GB","Y","Choose a 2 hour window","SCHEDULED",11.99,"Delivered by 29 September",6.99,"Y","","ON_DEMAND_SCHEDULED","logo-alt",2,"Sydney NSW 2000","primary_20260927_v2.2.0_gha","2026-09-27 20:00","2.2.0","+0930","primary","s26",1,"","",16,"20:00"
"2026-09-27 20:00:39","2060","North Sydney","NSW","metro core","Samsung Galaxy S26 5G 256GB","Y","Choose a 2 hour window","SCHEDULED",11.99,"Delivered by 29 September",6.99,"Y","","ON_DEMAND_SCHEDULED","logo-alt",2,"North Sydney NSW 2060","primary_20260927_v2.2.0_gha","2026-09-27 20:00","2.2.0","+0930","primary","s26",1,"","",16,"20:00"
"2026-09-27 20:01:04","2170","Liverpool","NSW","metro fringe","Samsung Galaxy S26 5G 256GB","Y","Choose a 2 hour window","SCHEDULED",11.99,"Delivered by 29 September",6.99,"Y","","ON_DEMAND_SCHEDULED","logo-alt",2,"Liverpool NSW 2170","primary_20260927_v2.2.0_gha","2026-09-27 20:00","2.2.0","+0930","primary","s26",1,"","",16,"20:00"
"2026-09-27 20:01:52","2300","Newcastle","NSW","regional","Samsung Galaxy S26 5G 256GB","Y","Choose a 2 hour window","SCHEDULED",11.99,"Delivered by 2 October",6.99,"Y","","ON_DEMAND_SCHEDULED","logo-alt",4,"Newcastle NSW 2300","primary_20260927_v2.2.0_gha","2026-09-27 20:00","2.2.0","+0930","primary","s26",1,"","",16,"20:00"
"2026-09-27 20:02:39","2480","Lismore","NSW","regional","Samsung Galaxy S26 5G 256GB","N","","NONE","","Delivered by 29 September",9.99,"N","No on-demand option offered; price tie - 3 non-Uber options at $9.99, first in DOM order used","ON_DEMAND_UNAVAILABLE","",3,"Lismore NSW 2480","primary_20260927_v2.2.0_gha","2026-09-27 20:00","2.2.0","+0930","primary","s26",1,"","",16,"20:00"
"2026-09-27 20:17:48","2601","Canberra","ACT","metro core","Samsung Galaxy S26 5G 256GB","Y","Choose a 2 hour window","SCHEDULED",11.99,"Delivered by 1 October",6.99,"Y","","ON_DEMAND_SCHEDULED","logo-alt",4,"Canberra ACT 2601","primary_20260927_v2.2.0_gha","2026-09-27 20:00","2.2.0","+0930","primary","s26",1,"","",16,"20:00"
"2026-09-27 20:02:13","2650","Wagga Wagga","NSW","regional","Samsung Galaxy S26 5G 256GB","Y","Choose a 2 hour window","SCHEDULED",11.99,"Delivered by 29 September",9.99,"Y","price tie - 3 non-Uber options at $9.99, first in DOM order used","ON_DEMAND_SCHEDULED","logo-alt",4,"Wagga Wagga NSW 2650","primary_20260927_v2.2.0_gha","2026-09-27 20:00","2.2.0","+0930","primary","s26",1,"","",16,"20:00"
"2026-09-27 20:01:27","2750","Penrith","NSW","metro fringe","Samsung Galaxy S26 5G 256GB","Y","Choose a 2 hour window","SCHEDULED",11.99,"Delivered by 29 September",6.99,"Y","","ON_DEMAND_SCHEDULED","logo-alt",2,"Penrith NSW 2750","primary_20260927_v2.2.0_gha","2026-09-27 20:00","2.2.0","+0930","primary","s26",1,"","",16,"20:00"
"2026-09-27 20:18:10","2900","Greenway","ACT","metro fringe","Samsung Galaxy S26 5G 256GB","Y","Choose a 2 hour window","SCHEDULED",11.99,"Delivered by 1 October",6.99,"Y","","ON_DEMAND_SCHEDULED","logo-alt",4,"Greenway ACT 2900","primary_20260927_v2.2.0_gha","2026-09-27 20:00","2.2.0","+0930","primary","s26",1,"","",16,"20:00"
"2026-09-27 20:03:00","3000","Melbourne","VIC","metro core","Samsung Galaxy S26 5G 256GB","Y","Choose a 2 hour window","SCHEDULED",11.99,"Delivered by 29 September",6.99,"Y","","ON_DEMAND_SCHEDULED","logo-alt",2,"Melbourne VIC 3000","primary_20260927_v2.2.0_gha","2026-09-27 20:00","2.2.0","+0930","primary","s26",1,"","",16,"20:00"
"2026-09-27 20:03:51","3030","Point Cook","VIC","metro fringe","Samsung Galaxy S26 5G 256GB","Y","Choose a 2 hour window","SCHEDULED",11.99,"Delivered by 29 September",6.99,"Y","","ON_DEMAND_SCHEDULED","logo-alt",2,"Point Cook VIC 3030","primary_20260927_v2.2.0_gha","2026-09-27 20:00","2.2.0","+0930","primary","s26",1,"","",16,"20:00"
"2026-09-27 20:03:26","3121","Richmond","VIC","metro core","Samsung Galaxy S26 5G 256GB","Y","Choose a 2 hour window","SCHEDULED",11.99,"Delivered by 29 September",6.99,"Y","","ON_DEMAND_SCHEDULED","logo-alt",2,"Richmond VIC 3121","primary_20260927_v2.2.0_gha","2026-09-27 20:00","2.2.0","+0930","primary","s26",1,"","",16,"20:00"
"2026-09-27 20:04:33","3175","Dandenong","VIC","metro fringe","Samsung Galaxy S26 5G 256GB","Y","Choose a 2 hour window","SCHEDULED",11.99,"Delivered by 29 September",6.99,"Y","","ON_DEMAND_SCHEDULED","logo-alt",2,"Dandenong VIC 3175","primary_20260927_v2.2.0_gha","2026-09-27 20:00","2.2.0","+0930","primary","s26",2,"","",16,"20:00"
"2026-09-27 20:04:59","3220","Geelong","VIC","regional","Samsung Galaxy S26 5G 256GB","Y","Choose a 2 hour window","SCHEDULED",11.99,"Delivered by 29 September",6.99,"Y","","ON_DEMAND_SCHEDULED","logo-alt",2,"Geelong VIC 3220","primary_20260927_v2.2.0_gha","2026-09-27 20:00","2.2.0","+0930","primary","s26",1,"","",16,"20:00"
"2026-09-27 20:05:45","3350","Ballarat","VIC","regional","Samsung Galaxy S26 5G 256GB","Y","Choose a 2 hour window","SCHEDULED",11.99,"Delivered by 1 October",5.99,"Y","","ON_DEMAND_SCHEDULED","logo-alt",4,"Ballarat VIC 3350","primary_20260927_v2.2.0_gha","2026-09-27 20:00","2.2.0","+0930","primary","s26",1,"","",16,"20:00"
"2026-09-27 20:05:21","3550","Bendigo","VIC","regional","Samsung Galaxy S26 5G 256GB","Y","Choose a 2 hour window","SCHEDULED",11.99,"Delivered by 29 September",9.99,"Y","price tie - 3 non-Uber options at $9.99, first in DOM order used","ON_DEMAND_SCHEDULED","logo-alt",4,"Bendigo VIC 3550","primary_20260927_v2.2.0_gha","2026-09-27 20:00","2.2.0","+0930","primary","s26",1,"","",16,"20:00"
"2026-09-27 20:06:06","4000","Brisbane City","QLD","metro core","Samsung Galaxy S26 5G 256GB","Y","Choose a 2 hour window","SCHEDULED",11.99,"Delivered by 29 September",6.99,"Y","","ON_DEMAND_SCHEDULED","logo-alt",2,"Brisbane City QLD 4000","primary_20260927_v2.2.0_gha","2026-09-27 20:00","2.2.0","+0930","primary","s26",1,"","",16,"20:00"
"2026-09-27 20:06:29","4006","Fortitude Valley","QLD","metro core","Samsung Galaxy S26 5G 256GB","Y","Choose a 2 hour window","SCHEDULED",11.99,"Delivered by 29 September",6.99,"Y","","ON_DEMAND_SCHEDULED","logo-alt",2,"Fortitude Valley QLD 4006","primary_20260927_v2.2.0_gha","2026-09-27 20:00","2.2.0","+0930","primary","s26",1,"","",16,"20:00"
"2026-09-27 20:07:22","4178","Wynnum","QLD","metro fringe","Samsung Galaxy S26 5G 256GB","Y","Choose a 2 hour window","SCHEDULED",11.99,"Delivered by 29 September",6.99,"Y","","ON_DEMAND_SCHEDULED","logo-alt",2,"Wynnum QLD 4178","primary_20260927_v2.2.0_gha","2026-09-27 20:00","2.2.0","+0930","primary","s26",1,"","",16,"20:00"
"2026-09-27 20:07:01","4300","Springfield","QLD","metro fringe","Samsung Galaxy S26 5G 256GB","Y","Choose a 2 hour window","SCHEDULED",11.99,"Delivered by 29 September",6.99,"Y","","ON_DEMAND_SCHEDULED","logo-alt",2,"Springfield QLD 4300","primary_20260927_v2.2.0_gha","2026-09-27 20:00","2.2.0","+0930","primary","s26",1,"","",16,"20:00"
"2026-09-27 20:07:43","4350","Toowoomba City","QLD","regional","Samsung Galaxy S26 5G 256GB","Y","Choose a 2 hour window","SCHEDULED",11.99,"Delivered by 29 September",9.99,"Y","price tie - 3 non-Uber options at $9.99, first in DOM order used","ON_DEMAND_SCHEDULED","logo-alt",4,"Toowoomba City QLD 4350","primary_20260927_v2.2.0_gha","2026-09-27 20:00","2.2.0","+0930","primary","s26",1,"","",16,"20:00"
"2026-09-27 20:08:08","4740","Mackay","QLD","regional","Samsung Galaxy S26 5G 256GB","N","","NONE","","Delivered by 29 September",9.99,"N","No on-demand option offered; price tie - 3 non-Uber options at $9.99, first in DOM order used","ON_DEMAND_UNAVAILABLE","",3,"Mackay QLD 4740","primary_20260927_v2.2.0_gha","2026-09-27 20:00","2.2.0","+0930","primary","s26",1,"","",16,"20:00"
"2026-09-27 20:08:28","4870","Cairns","QLD","regional","Samsung Galaxy S26 5G 256GB","Y","Choose a 2 hour window","SCHEDULED",11.99,"Delivered by 29 September",9.99,"Y","price tie - 3 non-Uber options at $9.99, first in DOM order used","ON_DEMAND_SCHEDULED","logo-alt",4,"Cairns QLD 4870","primary_20260927_v2.2.0_gha","2026-09-27 20:00","2.2.0","+0930","primary","s26",1,"","",16,"20:00"
"2026-09-27 20:08:55","5000","Adelaide","SA","metro core","Samsung Galaxy S26 5G 256GB","Y","Choose a 2 hour window","SCHEDULED",11.99,"Delivered by 29 September",6.99,"Y","","ON_DEMAND_SCHEDULED","logo-alt",2,"Adelaide SA 5000","primary_20260927_v2.2.0_gha","2026-09-27 20:00","2.2.0","+0930","primary","s26",1,"","",16,"20:00"
"2026-09-27 20:10:25","5022","Grange","SA","metro fringe","Samsung Galaxy S26 5G 256GB","Y","Choose a 2 hour window","SCHEDULED",11.99,"Delivered by 29 September",6.99,"Y","","ON_DEMAND_SCHEDULED","logo-alt",2,"Grange SA 5022","primary_20260927_v2.2.0_gha","2026-09-27 20:00","2.2.0","+0930","primary","s26",2,"","",16,"20:00"
"2026-09-27 20:09:40","5034","Millswood","SA","metro core","Samsung Galaxy S26 5G 256GB","Y","Choose a 2 hour window","SCHEDULED",11.99,"Delivered by 29 September",6.99,"Y","","ON_DEMAND_SCHEDULED","logo-alt",2,"Millswood SA 5034","primary_20260927_v2.2.0_gha","2026-09-27 20:00","2.2.0","+0930","primary","s26",1,"","",16,"20:00"
"2026-09-27 20:09:18","5067","Norwood","SA","metro core","Samsung Galaxy S26 5G 256GB","Y","Choose a 2 hour window","SCHEDULED",11.99,"Delivered by 29 September",6.99,"Y","","ON_DEMAND_SCHEDULED","logo-alt",2,"Norwood SA 5067","primary_20260927_v2.2.0_gha","2026-09-27 20:00","2.2.0","+0930","primary","s26",1,"","",16,"20:00"
"2026-09-27 20:11:33","5095","Mawson Lakes","SA","metro fringe","Samsung Galaxy S26 5G 256GB","Y","Choose a 2 hour window","SCHEDULED",11.99,"Delivered by 29 September",6.99,"Y","","ON_DEMAND_SCHEDULED","logo-alt",2,"Mawson Lakes SA 5095","primary_20260927_v2.2.0_gha","2026-09-27 20:00","2.2.0","+0930","primary","s26",1,"","",16,"20:00"
"2026-09-27 20:10:50","5108","Salisbury","SA","metro fringe","Samsung Galaxy S26 5G 256GB","Y","Choose a 2 hour window","SCHEDULED",11.99,"Delivered by 29 September",6.99,"Y","","ON_DEMAND_SCHEDULED","logo-alt",2,"Salisbury SA 5108","primary_20260927_v2.2.0_gha","2026-09-27 20:00","2.2.0","+0930","primary","s26",1,"","",16,"20:00"
"2026-09-27 20:11:58","5114","Smithfield","SA","outer metro","Samsung Galaxy S26 5G 256GB","Y","Choose a 2 hour window","SCHEDULED",11.99,"Delivered by 29 September",6.99,"Y","","ON_DEMAND_SCHEDULED","logo-alt",2,"Smithfield SA 5114","primary_20260927_v2.2.0_gha","2026-09-27 20:00","2.2.0","+0930","primary","s26",1,"","",16,"20:00"
"2026-09-27 20:11:11","5162","Morphett Vale","SA","metro fringe","Samsung Galaxy S26 5G 256GB","Y","Choose a 2 hour window","SCHEDULED",11.99,"Delivered by 29 September",6.99,"Y","","ON_DEMAND_SCHEDULED","logo-alt",2,"Morphett Vale SA 5162","primary_20260927_v2.2.0_gha","2026-09-27 20:00","2.2.0","+0930","primary","s26",1,"","",16,"20:00"
"2026-09-27 20:12:19","5251","Mount Barker","SA","outer metro","Samsung Galaxy S26 5G 256GB","N","","NONE","","Delivered by 29 September",9.99,"N","No on-demand option offered; price tie - 3 non-Uber options at $9.99, first in DOM order used","ON_DEMAND_UNAVAILABLE","",3,"Mount Barker SA 5251","primary_20260927_v2.2.0_gha","2026-09-27 20:00","2.2.0","+0930","primary","s26",1,"","",16,"20:00"
"2026-09-27 20:12:41","5290","Mount Gambier","SA","regional","Samsung Galaxy S26 5G 256GB","N","","NONE","","Delivered by 29 September",9.99,"N","No on-demand option offered; price tie - 3 non-Uber options at $9.99, first in DOM order used","ON_DEMAND_UNAVAILABLE","",3,"Mount Gambier SA 5290","primary_20260927_v2.2.0_gha","2026-09-27 20:00","2.2.0","+0930","primary","s26",1,"","",16,"20:00"
"2026-09-27 20:13:17","5606","Port Lincoln","SA","regional","Samsung Galaxy S26 5G 256GB","N","","NONE","","","","N","No available stores found for the given location.","NO_STORE_REPORTED","",0,"Port Lincoln SA 5606","primary_20260927_v2.2.0_gha","2026-09-27 20:00","2.2.0","+0930","primary","s26",1,"","",16,"20:00"
"2026-09-27 20:12:59","5700","Port Augusta","SA","regional","Samsung Galaxy S26 5G 256GB","N","","NONE","","","","N","No available stores found for the given location.","NO_STORE_REPORTED","",0,"Port Augusta SA 5700","primary_20260927_v2.2.0_gha","2026-09-27 20:00","2.2.0","+0930","primary","s26",1,"","",16,"20:00"
"2026-09-27 20:13:39","6000","Perth","WA","metro core","Samsung Galaxy S26 5G 256GB","Y","Choose a 2 hour window","SCHEDULED",11.99,"Delivered by 29 September",6.99,"Y","","ON_DEMAND_SCHEDULED","logo-alt",2,"Perth WA 6000","primary_20260927_v2.2.0_gha","2026-09-27 20:00","2.2.0","+0930","primary","s26",1,"","",16,"20:00"
"2026-09-27 20:14:02","6008","Subiaco","WA","metro core","Samsung Galaxy S26 5G 256GB","Y","Choose a 2 hour window","SCHEDULED",11.99,"Delivered by 29 September",6.99,"Y","","ON_DEMAND_SCHEDULED","logo-alt",2,"Subiaco WA 6008","primary_20260927_v2.2.0_gha","2026-09-27 20:00","2.2.0","+0930","primary","s26",1,"","",16,"20:00"
"2026-09-27 20:14:50","6030","Clarkson","WA","metro fringe","Samsung Galaxy S26 5G 256GB","Y","Choose a 2 hour window","SCHEDULED",11.99,"Delivered by 29 September",6.99,"Y","","ON_DEMAND_SCHEDULED","logo-alt",2,"Clarkson WA 6030","primary_20260927_v2.2.0_gha","2026-09-27 20:00","2.2.0","+0930","primary","s26",1,"","",16,"20:00"
"2026-09-27 20:14:25","6164","Success","WA","metro fringe","Samsung Galaxy S26 5G 256GB","Y","Choose a 2 hour window","SCHEDULED",11.99,"Delivered by 29 September",6.99,"Y","","ON_DEMAND_SCHEDULED","logo-alt",2,"Success WA 6164","primary_20260927_v2.2.0_gha","2026-09-27 20:00","2.2.0","+0930","primary","s26",1,"","",16,"20:00"
"2026-09-27 20:15:11","6230","Bunbury","WA","regional","Samsung Galaxy S26 5G 256GB","Y","Choose a 2 hour window","SCHEDULED",11.99,"Delivered by 30 September",9.99,"Y","price tie - 3 non-Uber options at $9.99, first in DOM order used","ON_DEMAND_SCHEDULED","logo-alt",4,"Bunbury WA 6230","primary_20260927_v2.2.0_gha","2026-09-27 20:00","2.2.0","+0930","primary","s26",1,"","",16,"20:00"
"2026-09-27 20:15:32","6430","Kalgoorlie","WA","regional","Samsung Galaxy S26 5G 256GB","N","","NONE","","","","N","No available stores found for the given location.","NO_STORE_REPORTED","",0,"Kalgoorlie WA 6430","primary_20260927_v2.2.0_gha","2026-09-27 20:00","2.2.0","+0930","primary","s26",1,"","",16,"20:00"
"2026-09-27 20:15:53","6530","Geraldton","WA","regional","Samsung Galaxy S26 5G 256GB","N","","NONE","","","","N","No available stores found for the given location.","NO_STORE_REPORTED","",0,"Geraldton WA 6530","primary_20260927_v2.2.0_gha","2026-09-27 20:00","2.2.0","+0930","primary","s26",1,"","",16,"20:00"
"2026-09-27 20:16:17","7000","Hobart","TAS","metro core","Samsung Galaxy S26 5G 256GB","Y","Choose a 2 hour window","SCHEDULED",11.99,"Delivered by 30 September",6.99,"Y","","ON_DEMAND_SCHEDULED","logo-alt",4,"Hobart TAS 7000","primary_20260927_v2.2.0_gha","2026-09-27 20:00","2.2.0","+0930","primary","s26",1,"","",16,"20:00"
"2026-09-27 20:16:39","7010","Glenorchy","TAS","metro fringe","Samsung Galaxy S26 5G 256GB","Y","Choose a 2 hour window","SCHEDULED",11.99,"Delivered by 1 October",6.99,"Y","","ON_DEMAND_SCHEDULED","logo-alt",4,"Glenorchy TAS 7010","primary_20260927_v2.2.0_gha","2026-09-27 20:00","2.2.0","+0930","primary","s26",1,"","",16,"20:00"
"2026-09-27 20:17:03","7250","Launceston","TAS","regional","Samsung Galaxy S26 5G 256GB","Y","Choose a 2 hour window","SCHEDULED",11.99,"Delivered by 30 September",6.99,"Y","","ON_DEMAND_SCHEDULED","logo-alt",4,"Launceston TAS 7250","primary_20260927_v2.2.0_gha","2026-09-27 20:00","2.2.0","+0930","primary","s26",1,"","",16,"20:00"
"2026-09-27 20:17:24","7320","Burnie","TAS","regional","Samsung Galaxy S26 5G 256GB","N","","NONE","","Delivered by 30 September",6.99,"N","No on-demand option offered","ON_DEMAND_UNAVAILABLE","",3,"Burnie TAS 7320","primary_20260927_v2.2.0_gha","2026-09-27 20:00","2.2.0","+0930","primary","s26",1,"","",16,"20:00"
"2026-09-27 20:49:16","0800","Darwin City","NT","metro core","Samsung Galaxy S26 5G 256GB","Y","Choose a 2 hour window","SCHEDULED",11.99,"Delivered by 30 September",9.99,"Y","price tie - 3 non-Uber options at $9.99, first in DOM order used","ON_DEMAND_SCHEDULED","logo-alt",4,"Darwin City NT 0800","primary_20260927_v2.2.0_gha","2026-09-27 20:30","2.2.0","+0930","primary","s26",1,"","",17,"20:30"
"2026-09-27 20:49:40","0810","Casuarina","NT","metro fringe","Samsung Galaxy S26 5G 256GB","Y","Choose a 2 hour window","SCHEDULED",11.99,"Delivered by 30 September",9.99,"Y","price tie - 3 non-Uber options at $9.99, first in DOM order used","ON_DEMAND_SCHEDULED","logo-alt",4,"Casuarina NT 0810","primary_20260927_v2.2.0_gha","2026-09-27 20:30","2.2.0","+0930","primary","s26",1,"","",17,"20:30"
"2026-09-27 20:50:02","0870","Alice Springs","NT","regional","Samsung Galaxy S26 5G 256GB","N","","NONE","","","","N","No available stores found for the given location.","NO_STORE_REPORTED","",0,"Alice Springs NT 0870","primary_20260927_v2.2.0_gha","2026-09-27 20:30","2.2.0","+0930","primary","s26",1,"","",17,"20:30"
"2026-09-27 20:30:15","2000","Sydney","NSW","metro core","Samsung Galaxy S26 5G 256GB","Y","Choose a 2 hour window","SCHEDULED",11.99,"Delivered by 29 September",6.99,"Y","","ON_DEMAND_SCHEDULED","logo-alt",2,"Sydney NSW 2000","primary_20260927_v2.2.0_gha","2026-09-27 20:30","2.2.0","+0930","primary","s26",1,"","",17,"20:30"
"2026-09-27 20:31:00","2060","North Sydney","NSW","metro core","Samsung Galaxy S26 5G 256GB","Y","Choose a 2 hour window","SCHEDULED",11.99,"Delivered by 29 September",6.99,"Y","","ON_DEMAND_SCHEDULED","logo-alt",2,"North Sydney NSW 2060","primary_20260927_v2.2.0_gha","2026-09-27 20:30","2.2.0","+0930","primary","s26",2,"","",17,"20:30"
"2026-09-27 20:31:21","2170","Liverpool","NSW","metro fringe","Samsung Galaxy S26 5G 256GB","Y","Choose a 2 hour window","SCHEDULED",11.99,"Delivered by 29 September",6.99,"Y","","ON_DEMAND_SCHEDULED","logo-alt",2,"Liverpool NSW 2170","primary_20260927_v2.2.0_gha","2026-09-27 20:30","2.2.0","+0930","primary","s26",1,"","",17,"20:30"
"2026-09-27 20:32:07","2300","Newcastle","NSW","regional","Samsung Galaxy S26 5G 256GB","Y","Choose a 2 hour window","SCHEDULED",11.99,"Delivered by 2 October",6.99,"Y","","ON_DEMAND_SCHEDULED","logo-alt",4,"Newcastle NSW 2300","primary_20260927_v2.2.0_gha","2026-09-27 20:30","2.2.0","+0930","primary","s26",1,"","",17,"20:30"
"2026-09-27 20:32:51","2480","Lismore","NSW","regional","Samsung Galaxy S26 5G 256GB","N","","NONE","","Delivered by 29 September",9.99,"N","No on-demand option offered; price tie - 3 non-Uber options at $9.99, first in DOM order used","ON_DEMAND_UNAVAILABLE","",3,"Lismore NSW 2480","primary_20260927_v2.2.0_gha","2026-09-27 20:30","2.2.0","+0930","primary","s26",1,"","",17,"20:30"
"2026-09-27 20:48:29","2601","Canberra","ACT","metro core","Samsung Galaxy S26 5G 256GB","Y","Choose a 2 hour window","SCHEDULED",11.99,"Delivered by 1 October",6.99,"Y","","ON_DEMAND_SCHEDULED","logo-alt",4,"Canberra ACT 2601","primary_20260927_v2.2.0_gha","2026-09-27 20:30","2.2.0","+0930","primary","s26",1,"","",17,"20:30"
"2026-09-27 20:32:28","2650","Wagga Wagga","NSW","regional","Samsung Galaxy S26 5G 256GB","Y","Choose a 2 hour window","SCHEDULED",11.99,"Delivered by 29 September",9.99,"Y","price tie - 3 non-Uber options at $9.99, first in DOM order used","ON_DEMAND_SCHEDULED","logo-alt",4,"Wagga Wagga NSW 2650","primary_20260927_v2.2.0_gha","2026-09-27 20:30","2.2.0","+0930","primary","s26",1,"","",17,"20:30"
"2026-09-27 20:31:44","2750","Penrith","NSW","metro fringe","Samsung Galaxy S26 5G 256GB","Y","Choose a 2 hour window","SCHEDULED",11.99,"Delivered by 29 September",6.99,"Y","","ON_DEMAND_SCHEDULED","logo-alt",2,"Penrith NSW 2750","primary_20260927_v2.2.0_gha","2026-09-27 20:30","2.2.0","+0930","primary","s26",1,"","",17,"20:30"
"2026-09-27 20:48:50","2900","Greenway","ACT","metro fringe","Samsung Galaxy S26 5G 256GB","Y","Choose a 2 hour window","SCHEDULED",11.99,"Delivered by 1 October",6.99,"Y","","ON_DEMAND_SCHEDULED","logo-alt",4,"Greenway ACT 2900","primary_20260927_v2.2.0_gha","2026-09-27 20:30","2.2.0","+0930","primary","s26",1,"","",17,"20:30"
"2026-09-27 20:33:17","3000","Melbourne","VIC","metro core","Samsung Galaxy S26 5G 256GB","Y","Choose a 2 hour window","SCHEDULED",11.99,"Delivered by 29 September",6.99,"Y","","ON_DEMAND_SCHEDULED","logo-alt",2,"Melbourne VIC 3000","primary_20260927_v2.2.0_gha","2026-09-27 20:30","2.2.0","+0930","primary","s26",1,"","",17,"20:30"
"2026-09-27 20:34:05","3030","Point Cook","VIC","metro fringe","Samsung Galaxy S26 5G 256GB","Y","Choose a 2 hour window","SCHEDULED",11.99,"Delivered by 29 September",6.99,"Y","","ON_DEMAND_SCHEDULED","logo-alt",2,"Point Cook VIC 3030","primary_20260927_v2.2.0_gha","2026-09-27 20:30","2.2.0","+0930","primary","s26",1,"","",17,"20:30"
"2026-09-27 20:33:40","3121","Richmond","VIC","metro core","Samsung Galaxy S26 5G 256GB","Y","Choose a 2 hour window","SCHEDULED",11.99,"Delivered by 29 September",6.99,"Y","","ON_DEMAND_SCHEDULED","logo-alt",2,"Richmond VIC 3121","primary_20260927_v2.2.0_gha","2026-09-27 20:30","2.2.0","+0930","primary","s26",1,"","",17,"20:30"
"2026-09-27 20:34:49","3175","Dandenong","VIC","metro fringe","Samsung Galaxy S26 5G 256GB","Y","Choose a 2 hour window","SCHEDULED",11.99,"Delivered by 29 September",6.99,"Y","","ON_DEMAND_SCHEDULED","logo-alt",2,"Dandenong VIC 3175","primary_20260927_v2.2.0_gha","2026-09-27 20:30","2.2.0","+0930","primary","s26",2,"","",17,"20:30"
"2026-09-27 20:35:13","3220","Geelong","VIC","regional","Samsung Galaxy S26 5G 256GB","Y","Choose a 2 hour window","SCHEDULED",11.99,"Delivered by 29 September",6.99,"Y","","ON_DEMAND_SCHEDULED","logo-alt",2,"Geelong VIC 3220","primary_20260927_v2.2.0_gha","2026-09-27 20:30","2.2.0","+0930","primary","s26",1,"","",17,"20:30"
"2026-09-27 20:36:01","3350","Ballarat","VIC","regional","Samsung Galaxy S26 5G 256GB","Y","Choose a 2 hour window","SCHEDULED",11.99,"Delivered by 30 September",5.99,"Y","","ON_DEMAND_SCHEDULED","logo-alt",4,"Ballarat VIC 3350","primary_20260927_v2.2.0_gha","2026-09-27 20:30","2.2.0","+0930","primary","s26",1,"","",17,"20:30"
"2026-09-27 20:35:35","3550","Bendigo","VIC","regional","Samsung Galaxy S26 5G 256GB","Y","Choose a 2 hour window","SCHEDULED",11.99,"Delivered by 29 September",9.99,"Y","price tie - 3 non-Uber options at $9.99, first in DOM order used","ON_DEMAND_SCHEDULED","logo-alt",4,"Bendigo VIC 3550","primary_20260927_v2.2.0_gha","2026-09-27 20:30","2.2.0","+0930","primary","s26",1,"","",17,"20:30"
"2026-09-27 20:36:26","4000","Brisbane City","QLD","metro core","Samsung Galaxy S26 5G 256GB","Y","Choose a 2 hour window","SCHEDULED",11.99,"Delivered by 29 September",6.99,"Y","","ON_DEMAND_SCHEDULED","logo-alt",2,"Brisbane City QLD 4000","primary_20260927_v2.2.0_gha","2026-09-27 20:30","2.2.0","+0930","primary","s26",1,"","",17,"20:30"
"2026-09-27 20:36:52","4006","Fortitude Valley","QLD","metro core","Samsung Galaxy S26 5G 256GB","Y","Choose a 2 hour window","SCHEDULED",11.99,"Delivered by 29 September",6.99,"Y","","ON_DEMAND_SCHEDULED","logo-alt",2,"Fortitude Valley QLD 4006","primary_20260927_v2.2.0_gha","2026-09-27 20:30","2.2.0","+0930","primary","s26",1,"","",17,"20:30"
"2026-09-27 20:38:00","4178","Wynnum","QLD","metro fringe","Samsung Galaxy S26 5G 256GB","Y","Choose a 2 hour window","SCHEDULED",11.99,"Delivered by 29 September",6.99,"Y","","ON_DEMAND_SCHEDULED","logo-alt",2,"Wynnum QLD 4178","primary_20260927_v2.2.0_gha","2026-09-27 20:30","2.2.0","+0930","primary","s26",1,"","",17,"20:30"
"2026-09-27 20:37:36","4300","Springfield","QLD","metro fringe","Samsung Galaxy S26 5G 256GB","Y","Choose a 2 hour window","SCHEDULED",11.99,"Delivered by 29 September",6.99,"Y","","ON_DEMAND_SCHEDULED","logo-alt",2,"Springfield QLD 4300","primary_20260927_v2.2.0_gha","2026-09-27 20:30","2.2.0","+0930","primary","s26",2,"","",17,"20:30"
"2026-09-27 20:38:23","4350","Toowoomba City","QLD","regional","Samsung Galaxy S26 5G 256GB","Y","Choose a 2 hour window","SCHEDULED",11.99,"Delivered by 29 September",9.99,"Y","price tie - 3 non-Uber options at $9.99, first in DOM order used","ON_DEMAND_SCHEDULED","logo-alt",4,"Toowoomba City QLD 4350","primary_20260927_v2.2.0_gha","2026-09-27 20:30","2.2.0","+0930","primary","s26",1,"","",17,"20:30"
"2026-09-27 20:38:48","4740","Mackay","QLD","regional","Samsung Galaxy S26 5G 256GB","N","","NONE","","Delivered by 29 September",9.99,"N","No on-demand option offered; price tie - 3 non-Uber options at $9.99, first in DOM order used","ON_DEMAND_UNAVAILABLE","",3,"Mackay QLD 4740","primary_20260927_v2.2.0_gha","2026-09-27 20:30","2.2.0","+0930","primary","s26",1,"","",17,"20:30"
"2026-09-27 20:39:12","4870","Cairns","QLD","regional","Samsung Galaxy S26 5G 256GB","Y","Choose a 2 hour window","SCHEDULED",11.99,"Delivered by 29 September",9.99,"Y","price tie - 3 non-Uber options at $9.99, first in DOM order used","ON_DEMAND_SCHEDULED","logo-alt",4,"Cairns QLD 4870","primary_20260927_v2.2.0_gha","2026-09-27 20:30","2.2.0","+0930","primary","s26",1,"","",17,"20:30"
"2026-09-27 20:39:33","5000","Adelaide","SA","metro core","Samsung Galaxy S26 5G 256GB","Y","Choose a 2 hour window","SCHEDULED",11.99,"Delivered by 29 September",6.99,"Y","","ON_DEMAND_SCHEDULED","logo-alt",2,"Adelaide SA 5000","primary_20260927_v2.2.0_gha","2026-09-27 20:30","2.2.0","+0930","primary","s26",1,"","",17,"20:30"
"2026-09-27 20:40:44","5022","Grange","SA","metro fringe","Samsung Galaxy S26 5G 256GB","Y","Choose a 2 hour window","SCHEDULED",11.99,"Delivered by 29 September",6.99,"Y","","ON_DEMAND_SCHEDULED","logo-alt",2,"Grange SA 5022","primary_20260927_v2.2.0_gha","2026-09-27 20:30","2.2.0","+0930","primary","s26",1,"","",17,"20:30"
"2026-09-27 20:40:22","5034","Millswood","SA","metro core","Samsung Galaxy S26 5G 256GB","Y","Choose a 2 hour window","SCHEDULED",11.99,"Delivered by 29 September",6.99,"Y","","ON_DEMAND_SCHEDULED","logo-alt",2,"Millswood SA 5034","primary_20260927_v2.2.0_gha","2026-09-27 20:30","2.2.0","+0930","primary","s26",1,"","",17,"20:30"
"2026-09-27 20:39:59","5067","Norwood","SA","metro core","Samsung Galaxy S26 5G 256GB","Y","Choose a 2 hour window","SCHEDULED",11.99,"Delivered by 29 September",6.99,"Y","","ON_DEMAND_SCHEDULED","logo-alt",2,"Norwood SA 5067","primary_20260927_v2.2.0_gha","2026-09-27 20:30","2.2.0","+0930","primary","s26",1,"","",17,"20:30"
"2026-09-27 20:41:49","5095","Mawson Lakes","SA","metro fringe","Samsung Galaxy S26 5G 256GB","Y","Choose a 2 hour window","SCHEDULED",11.99,"Delivered by 29 September",6.99,"Y","","ON_DEMAND_SCHEDULED","logo-alt",2,"Mawson Lakes SA 5095","primary_20260927_v2.2.0_gha","2026-09-27 20:30","2.2.0","+0930","primary","s26",1,"","",17,"20:30"
"2026-09-27 20:41:04","5108","Salisbury","SA","metro fringe","Samsung Galaxy S26 5G 256GB","Y","Choose a 2 hour window","SCHEDULED",11.99,"Delivered by 29 September",6.99,"Y","","ON_DEMAND_SCHEDULED","logo-alt",2,"Salisbury SA 5108","primary_20260927_v2.2.0_gha","2026-09-27 20:30","2.2.0","+0930","primary","s26",1,"","",17,"20:30"
"2026-09-27 20:42:10","5114","Smithfield","SA","outer metro","Samsung Galaxy S26 5G 256GB","Y","Choose a 2 hour window","SCHEDULED",11.99,"Delivered by 29 September",6.99,"Y","","ON_DEMAND_SCHEDULED","logo-alt",2,"Smithfield SA 5114","primary_20260927_v2.2.0_gha","2026-09-27 20:30","2.2.0","+0930","primary","s26",1,"","",17,"20:30"
"2026-09-27 20:41:25","5162","Morphett Vale","SA","metro fringe","Samsung Galaxy S26 5G 256GB","Y","Choose a 2 hour window","SCHEDULED",11.99,"Delivered by 29 September",6.99,"Y","","ON_DEMAND_SCHEDULED","logo-alt",2,"Morphett Vale SA 5162","primary_20260927_v2.2.0_gha","2026-09-27 20:30","2.2.0","+0930","primary","s26",1,"","",17,"20:30"
"2026-09-27 20:42:34","5251","Mount Barker","SA","outer metro","Samsung Galaxy S26 5G 256GB","N","","NONE","","Delivered by 29 September",9.99,"N","No on-demand option offered; price tie - 3 non-Uber options at $9.99, first in DOM order used","ON_DEMAND_UNAVAILABLE","",3,"Mount Barker SA 5251","primary_20260927_v2.2.0_gha","2026-09-27 20:30","2.2.0","+0930","primary","s26",1,"","",17,"20:30"
"2026-09-27 20:42:54","5290","Mount Gambier","SA","regional","Samsung Galaxy S26 5G 256GB","N","","NONE","","Delivered by 29 September",9.99,"N","No on-demand option offered; price tie - 3 non-Uber options at $9.99, first in DOM order used","ON_DEMAND_UNAVAILABLE","",3,"Mount Gambier SA 5290","primary_20260927_v2.2.0_gha","2026-09-27 20:30","2.2.0","+0930","primary","s26",1,"","",17,"20:30"
"2026-09-27 20:43:37","5606","Port Lincoln","SA","regional","Samsung Galaxy S26 5G 256GB","N","","NONE","","","","N","No available stores found for the given location.","NO_STORE_REPORTED","",0,"Port Lincoln SA 5606","primary_20260927_v2.2.0_gha","2026-09-27 20:30","2.2.0","+0930","primary","s26",1,"","",17,"20:30"
"2026-09-27 20:43:16","5700","Port Augusta","SA","regional","Samsung Galaxy S26 5G 256GB","N","","NONE","","","","N","No available stores found for the given location.","NO_STORE_REPORTED","",0,"Port Augusta SA 5700","primary_20260927_v2.2.0_gha","2026-09-27 20:30","2.2.0","+0930","primary","s26",1,"","",17,"20:30"
"2026-09-27 20:44:00","6000","Perth","WA","metro core","Samsung Galaxy S26 5G 256GB","Y","Choose a 2 hour window","SCHEDULED",11.99,"Delivered by 29 September",6.99,"Y","","ON_DEMAND_SCHEDULED","logo-alt",2,"Perth WA 6000","primary_20260927_v2.2.0_gha","2026-09-27 20:30","2.2.0","+0930","primary","s26",1,"","",17,"20:30"
"2026-09-27 20:44:21","6008","Subiaco","WA","metro core","Samsung Galaxy S26 5G 256GB","Y","Choose a 2 hour window","SCHEDULED",11.99,"Delivered by 29 September",6.99,"Y","","ON_DEMAND_SCHEDULED","logo-alt",2,"Subiaco WA 6008","primary_20260927_v2.2.0_gha","2026-09-27 20:30","2.2.0","+0930","primary","s26",1,"","",17,"20:30"
"2026-09-27 20:45:06","6030","Clarkson","WA","metro fringe","Samsung Galaxy S26 5G 256GB","Y","Choose a 2 hour window","SCHEDULED",11.99,"Delivered by 29 September",6.99,"Y","","ON_DEMAND_SCHEDULED","logo-alt",2,"Clarkson WA 6030","primary_20260927_v2.2.0_gha","2026-09-27 20:30","2.2.0","+0930","primary","s26",1,"","",17,"20:30"
"2026-09-27 20:44:44","6164","Success","WA","metro fringe","Samsung Galaxy S26 5G 256GB","Y","Choose a 2 hour window","SCHEDULED",11.99,"Delivered by 29 September",6.99,"Y","","ON_DEMAND_SCHEDULED","logo-alt",2,"Success WA 6164","primary_20260927_v2.2.0_gha","2026-09-27 20:30","2.2.0","+0930","primary","s26",1,"","",17,"20:30"
"2026-09-27 20:45:27","6230","Bunbury","WA","regional","Samsung Galaxy S26 5G 256GB","Y","Choose a 2 hour window","SCHEDULED",11.99,"Delivered by 30 September",9.99,"Y","price tie - 3 non-Uber options at $9.99, first in DOM order used","ON_DEMAND_SCHEDULED","logo-alt",4,"Bunbury WA 6230","primary_20260927_v2.2.0_gha","2026-09-27 20:30","2.2.0","+0930","primary","s26",1,"","",17,"20:30"
"2026-09-27 20:46:08","6430","Kalgoorlie","WA","regional","Samsung Galaxy S26 5G 256GB","N","","NONE","","","","N","No available stores found for the given location.","NO_STORE_REPORTED","",0,"Kalgoorlie WA 6430","primary_20260927_v2.2.0_gha","2026-09-27 20:30","2.2.0","+0930","primary","s26",2,"","",17,"20:30"
"2026-09-27 20:46:28","6530","Geraldton","WA","regional","Samsung Galaxy S26 5G 256GB","N","","NONE","","","","N","No available stores found for the given location.","NO_STORE_REPORTED","",0,"Geraldton WA 6530","primary_20260927_v2.2.0_gha","2026-09-27 20:30","2.2.0","+0930","primary","s26",1,"","",17,"20:30"
"2026-09-27 20:46:53","7000","Hobart","TAS","metro core","Samsung Galaxy S26 5G 256GB","Y","Choose a 2 hour window","SCHEDULED",11.99,"Delivered by 30 September",6.99,"Y","","ON_DEMAND_SCHEDULED","logo-alt",4,"Hobart TAS 7000","primary_20260927_v2.2.0_gha","2026-09-27 20:30","2.2.0","+0930","primary","s26",1,"","",17,"20:30"
"2026-09-27 20:47:18","7010","Glenorchy","TAS","metro fringe","Samsung Galaxy S26 5G 256GB","Y","Choose a 2 hour window","SCHEDULED",11.99,"Delivered by 1 October",6.99,"Y","","ON_DEMAND_SCHEDULED","logo-alt",4,"Glenorchy TAS 7010","primary_20260927_v2.2.0_gha","2026-09-27 20:30","2.2.0","+0930","primary","s26",1,"","",17,"20:30"
"2026-09-27 20:47:41","7250","Launceston","TAS","regional","Samsung Galaxy S26 5G 256GB","Y","Choose a 2 hour window","SCHEDULED",11.99,"Delivered by 30 September",6.99,"Y","","ON_DEMAND_SCHEDULED","logo-alt",4,"Launceston TAS 7250","primary_20260927_v2.2.0_gha","2026-09-27 20:30","2.2.0","+0930","primary","s26",1,"","",17,"20:30"
"2026-09-27 20:48:06","7320","Burnie","TAS","regional","Samsung Galaxy S26 5G 256GB","N","","NONE","","Delivered by 30 September",6.99,"N","No on-demand option offered","ON_DEMAND_UNAVAILABLE","",3,"Burnie TAS 7320","primary_20260927_v2.2.0_gha","2026-09-27 20:30","2.2.0","+0930","primary","s26",1,"","",17,"20:30"
"2026-09-27 21:17:57","0800","Darwin City","NT","metro core","Samsung Galaxy S26 5G 256GB","Y","Choose a 2 hour window","SCHEDULED",11.99,"Delivered by 30 September",9.99,"Y","price tie - 3 non-Uber options at $9.99, first in DOM order used","ON_DEMAND_SCHEDULED","logo-alt",4,"Darwin City NT 0800","primary_20260927_v2.2.0_gha","2026-09-27 21:00","2.2.0","+0930","primary","s26",1,"","",18,"21:00"
"2026-09-27 21:18:22","0810","Casuarina","NT","metro fringe","Samsung Galaxy S26 5G 256GB","Y","Choose a 2 hour window","SCHEDULED",11.99,"Delivered by 30 September",9.99,"Y","price tie - 3 non-Uber options at $9.99, first in DOM order used","ON_DEMAND_SCHEDULED","logo-alt",4,"Casuarina NT 0810","primary_20260927_v2.2.0_gha","2026-09-27 21:00","2.2.0","+0930","primary","s26",1,"","",18,"21:00"
"2026-09-27 21:18:40","0870","Alice Springs","NT","regional","Samsung Galaxy S26 5G 256GB","N","","NONE","","","","N","No available stores found for the given location.","NO_STORE_REPORTED","",0,"Alice Springs NT 0870","primary_20260927_v2.2.0_gha","2026-09-27 21:00","2.2.0","+0930","primary","s26",1,"","",18,"21:00"
"2026-09-27 21:00:15","2000","Sydney","NSW","metro core","Samsung Galaxy S26 5G 256GB","Y","Choose a 2 hour window","SCHEDULED",11.99,"Delivered by 29 September",6.99,"Y","","ON_DEMAND_SCHEDULED","logo-alt",2,"Sydney NSW 2000","primary_20260927_v2.2.0_gha","2026-09-27 21:00","2.2.0","+0930","primary","s26",1,"","",18,"21:00"
"2026-09-27 21:00:38","2060","North Sydney","NSW","metro core","Samsung Galaxy S26 5G 256GB","Y","Choose a 2 hour window","SCHEDULED",11.99,"Delivered by 29 September",6.99,"Y","","ON_DEMAND_SCHEDULED","logo-alt",2,"North Sydney NSW 2060","primary_20260927_v2.2.0_gha","2026-09-27 21:00","2.2.0","+0930","primary","s26",1,"","",18,"21:00"
"2026-09-27 21:01:03","2170","Liverpool","NSW","metro fringe","Samsung Galaxy S26 5G 256GB","Y","Choose a 2 hour window","SCHEDULED",11.99,"Delivered by 29 September",6.99,"Y","","ON_DEMAND_SCHEDULED","logo-alt",2,"Liverpool NSW 2170","primary_20260927_v2.2.0_gha","2026-09-27 21:00","2.2.0","+0930","primary","s26",1,"","",18,"21:00"
"2026-09-27 21:01:51","2300","Newcastle","NSW","regional","Samsung Galaxy S26 5G 256GB","Y","Choose a 2 hour window","SCHEDULED",11.99,"Delivered by 2 October",6.99,"Y","","ON_DEMAND_SCHEDULED","logo-alt",4,"Newcastle NSW 2300","primary_20260927_v2.2.0_gha","2026-09-27 21:00","2.2.0","+0930","primary","s26",1,"","",18,"21:00"
"2026-09-27 21:02:35","2480","Lismore","NSW","regional","Samsung Galaxy S26 5G 256GB","N","","NONE","","Delivered by 29 September",9.99,"N","No on-demand option offered; price tie - 3 non-Uber options at $9.99, first in DOM order used","ON_DEMAND_UNAVAILABLE","",3,"Lismore NSW 2480","primary_20260927_v2.2.0_gha","2026-09-27 21:00","2.2.0","+0930","primary","s26",1,"","",18,"21:00"
"2026-09-27 21:17:11","2601","Canberra","ACT","metro core","Samsung Galaxy S26 5G 256GB","Y","Choose a 2 hour window","SCHEDULED",11.99,"Delivered by 1 October",6.99,"Y","","ON_DEMAND_SCHEDULED","logo-alt",4,"Canberra ACT 2601","primary_20260927_v2.2.0_gha","2026-09-27 21:00","2.2.0","+0930","primary","s26",1,"","",18,"21:00"
"2026-09-27 21:02:13","2650","Wagga Wagga","NSW","regional","Samsung Galaxy S26 5G 256GB","Y","Choose a 2 hour window","SCHEDULED",11.99,"Delivered by 29 September",9.99,"Y","price tie - 3 non-Uber options at $9.99, first in DOM order used","ON_DEMAND_SCHEDULED","logo-alt",4,"Wagga Wagga NSW 2650","primary_20260927_v2.2.0_gha","2026-09-27 21:00","2.2.0","+0930","primary","s26",1,"","",18,"21:00"
"2026-09-27 21:01:27","2750","Penrith","NSW","metro fringe","Samsung Galaxy S26 5G 256GB","Y","Choose a 2 hour window","SCHEDULED",11.99,"Delivered by 29 September",6.99,"Y","","ON_DEMAND_SCHEDULED","logo-alt",2,"Penrith NSW 2750","primary_20260927_v2.2.0_gha","2026-09-27 21:00","2.2.0","+0930","primary","s26",1,"","",18,"21:00"
"2026-09-27 21:17:35","2900","Greenway","ACT","metro fringe","Samsung Galaxy S26 5G 256GB","Y","Choose a 2 hour window","SCHEDULED",11.99,"Delivered by 1 October",6.99,"Y","","ON_DEMAND_SCHEDULED","logo-alt",4,"Greenway ACT 2900","primary_20260927_v2.2.0_gha","2026-09-27 21:00","2.2.0","+0930","primary","s26",1,"","",18,"21:00"
"2026-09-27 21:02:59","3000","Melbourne","VIC","metro core","Samsung Galaxy S26 5G 256GB","Y","Choose a 2 hour window","SCHEDULED",11.99,"Delivered by 29 September",6.99,"Y","","ON_DEMAND_SCHEDULED","logo-alt",2,"Melbourne VIC 3000","primary_20260927_v2.2.0_gha","2026-09-27 21:00","2.2.0","+0930","primary","s26",1,"","",18,"21:00"
"2026-09-27 21:03:47","3030","Point Cook","VIC","metro fringe","Samsung Galaxy S26 5G 256GB","Y","Choose a 2 hour window","SCHEDULED",11.99,"Delivered by 29 September",6.99,"Y","","ON_DEMAND_SCHEDULED","logo-alt",2,"Point Cook VIC 3030","primary_20260927_v2.2.0_gha","2026-09-27 21:00","2.2.0","+0930","primary","s26",1,"","",18,"21:00"
"2026-09-27 21:03:22","3121","Richmond","VIC","metro core","Samsung Galaxy S26 5G 256GB","Y","Choose a 2 hour window","SCHEDULED",11.99,"Delivered by 29 September",6.99,"Y","","ON_DEMAND_SCHEDULED","logo-alt",2,"Richmond VIC 3121","primary_20260927_v2.2.0_gha","2026-09-27 21:00","2.2.0","+0930","primary","s26",1,"","",18,"21:00"
"2026-09-27 21:04:11","3175","Dandenong","VIC","metro fringe","Samsung Galaxy S26 5G 256GB","Y","Choose a 2 hour window","SCHEDULED",11.99,"Delivered by 29 September",6.99,"Y","","ON_DEMAND_SCHEDULED","logo-alt",2,"Dandenong VIC 3175","primary_20260927_v2.2.0_gha","2026-09-27 21:00","2.2.0","+0930","primary","s26",1,"","",18,"21:00"
"2026-09-27 21:04:33","3220","Geelong","VIC","regional","Samsung Galaxy S26 5G 256GB","Y","Choose a 2 hour window","SCHEDULED",11.99,"Delivered by 29 September",6.99,"Y","","ON_DEMAND_SCHEDULED","logo-alt",2,"Geelong VIC 3220","primary_20260927_v2.2.0_gha","2026-09-27 21:00","2.2.0","+0930","primary","s26",1,"","",18,"21:00"
"2026-09-27 21:05:19","3350","Ballarat","VIC","regional","Samsung Galaxy S26 5G 256GB","Y","Choose a 2 hour window","SCHEDULED",11.99,"Delivered by 30 September",5.99,"Y","","ON_DEMAND_SCHEDULED","logo-alt",4,"Ballarat VIC 3350","primary_20260927_v2.2.0_gha","2026-09-27 21:00","2.2.0","+0930","primary","s26",1,"","",18,"21:00"
"2026-09-27 21:04:56","3550","Bendigo","VIC","regional","Samsung Galaxy S26 5G 256GB","Y","Choose a 2 hour window","SCHEDULED",11.99,"Delivered by 29 September",9.99,"Y","price tie - 3 non-Uber options at $9.99, first in DOM order used","ON_DEMAND_SCHEDULED","logo-alt",4,"Bendigo VIC 3550","primary_20260927_v2.2.0_gha","2026-09-27 21:00","2.2.0","+0930","primary","s26",1,"","",18,"21:00"
"2026-09-27 21:05:42","4000","Brisbane City","QLD","metro core","Samsung Galaxy S26 5G 256GB","Y","Choose a 2 hour window","SCHEDULED",11.99,"Delivered by 29 September",6.99,"Y","","ON_DEMAND_SCHEDULED","logo-alt",2,"Brisbane City QLD 4000","primary_20260927_v2.2.0_gha","2026-09-27 21:00","2.2.0","+0930","primary","s26",1,"","",18,"21:00"
"2026-09-27 21:06:03","4006","Fortitude Valley","QLD","metro core","Samsung Galaxy S26 5G 256GB","Y","Choose a 2 hour window","SCHEDULED",11.99,"Delivered by 29 September",6.99,"Y","","ON_DEMAND_SCHEDULED","logo-alt",2,"Fortitude Valley QLD 4006","primary_20260927_v2.2.0_gha","2026-09-27 21:00","2.2.0","+0930","primary","s26",1,"","",18,"21:00"
"2026-09-27 21:06:50","4178","Wynnum","QLD","metro fringe","Samsung Galaxy S26 5G 256GB","Y","Choose a 2 hour window","SCHEDULED",11.99,"Delivered by 29 September",6.99,"Y","","ON_DEMAND_SCHEDULED","logo-alt",2,"Wynnum QLD 4178","primary_20260927_v2.2.0_gha","2026-09-27 21:00","2.2.0","+0930","primary","s26",1,"","",18,"21:00"
"2026-09-27 21:06:27","4300","Springfield","QLD","metro fringe","Samsung Galaxy S26 5G 256GB","Y","Choose a 2 hour window","SCHEDULED",11.99,"Delivered by 29 September",6.99,"Y","","ON_DEMAND_SCHEDULED","logo-alt",2,"Springfield QLD 4300","primary_20260927_v2.2.0_gha","2026-09-27 21:00","2.2.0","+0930","primary","s26",1,"","",18,"21:00"
"2026-09-27 21:07:15","4350","Toowoomba City","QLD","regional","Samsung Galaxy S26 5G 256GB","Y","Choose a 2 hour window","SCHEDULED",11.99,"Delivered by 29 September",9.99,"Y","price tie - 3 non-Uber options at $9.99, first in DOM order used","ON_DEMAND_SCHEDULED","logo-alt",4,"Toowoomba City QLD 4350","primary_20260927_v2.2.0_gha","2026-09-27 21:00","2.2.0","+0930","primary","s26",1,"","",18,"21:00"
"2026-09-27 21:07:39","4740","Mackay","QLD","regional","Samsung Galaxy S26 5G 256GB","N","","NONE","","Delivered by 29 September",9.99,"N","No on-demand option offered; price tie - 3 non-Uber options at $9.99, first in DOM order used","ON_DEMAND_UNAVAILABLE","",3,"Mackay QLD 4740","primary_20260927_v2.2.0_gha","2026-09-27 21:00","2.2.0","+0930","primary","s26",1,"","",18,"21:00"
"2026-09-27 21:08:04","4870","Cairns","QLD","regional","Samsung Galaxy S26 5G 256GB","Y","Choose a 2 hour window","SCHEDULED",11.99,"Delivered by 29 September",9.99,"Y","price tie - 3 non-Uber options at $9.99, first in DOM order used","ON_DEMAND_SCHEDULED","logo-alt",4,"Cairns QLD 4870","primary_20260927_v2.2.0_gha","2026-09-27 21:00","2.2.0","+0930","primary","s26",1,"","",18,"21:00"
"2026-09-27 21:08:26","5000","Adelaide","SA","metro core","Samsung Galaxy S26 5G 256GB","Y","Choose a 2 hour window","SCHEDULED",11.99,"Delivered by 29 September",6.99,"Y","","ON_DEMAND_SCHEDULED","logo-alt",2,"Adelaide SA 5000","primary_20260927_v2.2.0_gha","2026-09-27 21:00","2.2.0","+0930","primary","s26",1,"","",18,"21:00"
"2026-09-27 21:09:37","5022","Grange","SA","metro fringe","Samsung Galaxy S26 5G 256GB","Y","Choose a 2 hour window","SCHEDULED",11.99,"Delivered by 29 September",6.99,"Y","","ON_DEMAND_SCHEDULED","logo-alt",2,"Grange SA 5022","primary_20260927_v2.2.0_gha","2026-09-27 21:00","2.2.0","+0930","primary","s26",1,"","",18,"21:00"
"2026-09-27 21:09:14","5034","Millswood","SA","metro core","Samsung Galaxy S26 5G 256GB","Y","Choose a 2 hour window","SCHEDULED",11.99,"Delivered by 29 September",6.99,"Y","","ON_DEMAND_SCHEDULED","logo-alt",2,"Millswood SA 5034","primary_20260927_v2.2.0_gha","2026-09-27 21:00","2.2.0","+0930","primary","s26",1,"","",18,"21:00"
"2026-09-27 21:08:49","5067","Norwood","SA","metro core","Samsung Galaxy S26 5G 256GB","Y","Choose a 2 hour window","SCHEDULED",11.99,"Delivered by 29 September",6.99,"Y","","ON_DEMAND_SCHEDULED","logo-alt",2,"Norwood SA 5067","primary_20260927_v2.2.0_gha","2026-09-27 21:00","2.2.0","+0930","primary","s26",1,"","",18,"21:00"
"2026-09-27 21:10:49","5095","Mawson Lakes","SA","metro fringe","Samsung Galaxy S26 5G 256GB","Y","Choose a 2 hour window","SCHEDULED",11.99,"Delivered by 29 September",6.99,"Y","","ON_DEMAND_SCHEDULED","logo-alt",2,"Mawson Lakes SA 5095","primary_20260927_v2.2.0_gha","2026-09-27 21:00","2.2.0","+0930","primary","s26",1,"","",18,"21:00"
"2026-09-27 21:09:59","5108","Salisbury","SA","metro fringe","Samsung Galaxy S26 5G 256GB","Y","Choose a 2 hour window","SCHEDULED",11.99,"Delivered by 29 September",6.99,"Y","","ON_DEMAND_SCHEDULED","logo-alt",2,"Salisbury SA 5108","primary_20260927_v2.2.0_gha","2026-09-27 21:00","2.2.0","+0930","primary","s26",1,"","",18,"21:00"
"2026-09-27 21:11:14","5114","Smithfield","SA","outer metro","Samsung Galaxy S26 5G 256GB","Y","Choose a 2 hour window","SCHEDULED",11.99,"Delivered by 29 September",6.99,"Y","","ON_DEMAND_SCHEDULED","logo-alt",2,"Smithfield SA 5114","primary_20260927_v2.2.0_gha","2026-09-27 21:00","2.2.0","+0930","primary","s26",1,"","",18,"21:00"
"2026-09-27 21:10:24","5162","Morphett Vale","SA","metro fringe","Samsung Galaxy S26 5G 256GB","Y","Choose a 2 hour window","SCHEDULED",11.99,"Delivered by 29 September",6.99,"Y","","ON_DEMAND_SCHEDULED","logo-alt",2,"Morphett Vale SA 5162","primary_20260927_v2.2.0_gha","2026-09-27 21:00","2.2.0","+0930","primary","s26",1,"","",18,"21:00"
"2026-09-27 21:11:37","5251","Mount Barker","SA","outer metro","Samsung Galaxy S26 5G 256GB","N","","NONE","","Delivered by 29 September",9.99,"N","No on-demand option offered; price tie - 3 non-Uber options at $9.99, first in DOM order used","ON_DEMAND_UNAVAILABLE","",3,"Mount Barker SA 5251","primary_20260927_v2.2.0_gha","2026-09-27 21:00","2.2.0","+0930","primary","s26",1,"","",18,"21:00"
"2026-09-27 21:12:00","5290","Mount Gambier","SA","regional","Samsung Galaxy S26 5G 256GB","N","","NONE","","Delivered by 29 September",9.99,"N","No on-demand option offered; price tie - 3 non-Uber options at $9.99, first in DOM order used","ON_DEMAND_UNAVAILABLE","",3,"Mount Gambier SA 5290","primary_20260927_v2.2.0_gha","2026-09-27 21:00","2.2.0","+0930","primary","s26",1,"","",18,"21:00"
"2026-09-27 21:12:40","5606","Port Lincoln","SA","regional","Samsung Galaxy S26 5G 256GB","N","","NONE","","","","N","No available stores found for the given location.","NO_STORE_REPORTED","",0,"Port Lincoln SA 5606","primary_20260927_v2.2.0_gha","2026-09-27 21:00","2.2.0","+0930","primary","s26",1,"","",18,"21:00"
"2026-09-27 21:12:17","5700","Port Augusta","SA","regional","Samsung Galaxy S26 5G 256GB","N","","NONE","","","","N","No available stores found for the given location.","NO_STORE_REPORTED","",0,"Port Augusta SA 5700","primary_20260927_v2.2.0_gha","2026-09-27 21:00","2.2.0","+0930","primary","s26",1,"","",18,"21:00"
"2026-09-27 21:13:06","6000","Perth","WA","metro core","Samsung Galaxy S26 5G 256GB","Y","Choose a 2 hour window","SCHEDULED",11.99,"Delivered by 29 September",6.99,"Y","","ON_DEMAND_SCHEDULED","logo-alt",2,"Perth WA 6000","primary_20260927_v2.2.0_gha","2026-09-27 21:00","2.2.0","+0930","primary","s26",1,"","",18,"21:00"
"2026-09-27 21:13:27","6008","Subiaco","WA","metro core","Samsung Galaxy S26 5G 256GB","Y","Choose a 2 hour window","SCHEDULED",11.99,"Delivered by 29 September",6.99,"Y","","ON_DEMAND_SCHEDULED","logo-alt",2,"Subiaco WA 6008","primary_20260927_v2.2.0_gha","2026-09-27 21:00","2.2.0","+0930","primary","s26",1,"","",18,"21:00"
"2026-09-27 21:14:13","6030","Clarkson","WA","metro fringe","Samsung Galaxy S26 5G 256GB","Y","Choose a 2 hour window","SCHEDULED",11.99,"Delivered by 29 September",6.99,"Y","","ON_DEMAND_SCHEDULED","logo-alt",2,"Clarkson WA 6030","primary_20260927_v2.2.0_gha","2026-09-27 21:00","2.2.0","+0930","primary","s26",1,"","",18,"21:00"
"2026-09-27 21:13:49","6164","Success","WA","metro fringe","Samsung Galaxy S26 5G 256GB","Y","Choose a 2 hour window","SCHEDULED",11.99,"Delivered by 29 September",6.99,"Y","","ON_DEMAND_SCHEDULED","logo-alt",2,"Success WA 6164","primary_20260927_v2.2.0_gha","2026-09-27 21:00","2.2.0","+0930","primary","s26",1,"","",18,"21:00"
"2026-09-27 21:14:35","6230","Bunbury","WA","regional","Samsung Galaxy S26 5G 256GB","Y","Choose a 2 hour window","SCHEDULED",11.99,"Delivered by 30 September",9.99,"Y","price tie - 3 non-Uber options at $9.99, first in DOM order used","ON_DEMAND_SCHEDULED","logo-alt",4,"Bunbury WA 6230","primary_20260927_v2.2.0_gha","2026-09-27 21:00","2.2.0","+0930","primary","s26",1,"","",18,"21:00"
"2026-09-27 21:14:53","6430","Kalgoorlie","WA","regional","Samsung Galaxy S26 5G 256GB","N","","NONE","","","","N","No available stores found for the given location.","NO_STORE_REPORTED","",0,"Kalgoorlie WA 6430","primary_20260927_v2.2.0_gha","2026-09-27 21:00","2.2.0","+0930","primary","s26",1,"","",18,"21:00"
"2026-09-27 21:15:13","6530","Geraldton","WA","regional","Samsung Galaxy S26 5G 256GB","N","","NONE","","","","N","No available stores found for the given location.","NO_STORE_REPORTED","",0,"Geraldton WA 6530","primary_20260927_v2.2.0_gha","2026-09-27 21:00","2.2.0","+0930","primary","s26",1,"","",18,"21:00"
"2026-09-27 21:15:34","7000","Hobart","TAS","metro core","Samsung Galaxy S26 5G 256GB","Y","Choose a 2 hour window","SCHEDULED",11.99,"Delivered by 30 September",6.99,"Y","","ON_DEMAND_SCHEDULED","logo-alt",4,"Hobart TAS 7000","primary_20260927_v2.2.0_gha","2026-09-27 21:00","2.2.0","+0930","primary","s26",1,"","",18,"21:00"
"2026-09-27 21:15:56","7010","Glenorchy","TAS","metro fringe","Samsung Galaxy S26 5G 256GB","Y","Choose a 2 hour window","SCHEDULED",11.99,"Delivered by 1 October",6.99,"Y","","ON_DEMAND_SCHEDULED","logo-alt",4,"Glenorchy TAS 7010","primary_20260927_v2.2.0_gha","2026-09-27 21:00","2.2.0","+0930","primary","s26",1,"","",18,"21:00"
"2026-09-27 21:16:21","7250","Launceston","TAS","regional","Samsung Galaxy S26 5G 256GB","Y","Choose a 2 hour window","SCHEDULED",11.99,"Delivered by 30 September",6.99,"Y","","ON_DEMAND_SCHEDULED","logo-alt",4,"Launceston TAS 7250","primary_20260927_v2.2.0_gha","2026-09-27 21:00","2.2.0","+0930","primary","s26",1,"","",18,"21:00"
"2026-09-27 21:16:46","7320","Burnie","TAS","regional","Samsung Galaxy S26 5G 256GB","N","","NONE","","Delivered by 30 September",6.99,"N","No on-demand option offered","ON_DEMAND_UNAVAILABLE","",3,"Burnie TAS 7320","primary_20260927_v2.2.0_gha","2026-09-27 21:00","2.2.0","+0930","primary","s26",1,"","",18,"21:00"
"2026-09-27 21:49:22","0800","Darwin City","NT","metro core","Samsung Galaxy S26 5G 256GB","Y","Choose a 2 hour window","SCHEDULED",11.99,"Delivered by 30 September",9.99,"Y","price tie - 3 non-Uber options at $9.99, first in DOM order used","ON_DEMAND_SCHEDULED","logo-alt",4,"Darwin City NT 0800","primary_20260927_v2.2.0_gha","2026-09-27 21:30","2.2.0","+0930","primary","s26",1,"","",19,"21:30"
"2026-09-27 21:49:45","0810","Casuarina","NT","metro fringe","Samsung Galaxy S26 5G 256GB","Y","Choose a 2 hour window","SCHEDULED",11.99,"Delivered by 30 September",9.99,"Y","price tie - 3 non-Uber options at $9.99, first in DOM order used","ON_DEMAND_SCHEDULED","logo-alt",4,"Casuarina NT 0810","primary_20260927_v2.2.0_gha","2026-09-27 21:30","2.2.0","+0930","primary","s26",1,"","",19,"21:30"
"2026-09-27 21:50:05","0870","Alice Springs","NT","regional","Samsung Galaxy S26 5G 256GB","N","","NONE","","","","N","No available stores found for the given location.","NO_STORE_REPORTED","",0,"Alice Springs NT 0870","primary_20260927_v2.2.0_gha","2026-09-27 21:30","2.2.0","+0930","primary","s26",1,"","",19,"21:30"
"2026-09-27 21:30:19","2000","Sydney","NSW","metro core","Samsung Galaxy S26 5G 256GB","Y","Choose a 2 hour window","SCHEDULED",11.99,"Delivered by 29 September",6.99,"Y","","ON_DEMAND_SCHEDULED","logo-alt",2,"Sydney NSW 2000","primary_20260927_v2.2.0_gha","2026-09-27 21:30","2.2.0","+0930","primary","s26",1,"","",19,"21:30"
"2026-09-27 21:30:44","2060","North Sydney","NSW","metro core","Samsung Galaxy S26 5G 256GB","Y","Choose a 2 hour window","SCHEDULED",11.99,"Delivered by 29 September",6.99,"Y","","ON_DEMAND_SCHEDULED","logo-alt",2,"North Sydney NSW 2060","primary_20260927_v2.2.0_gha","2026-09-27 21:30","2.2.0","+0930","primary","s26",1,"","",19,"21:30"
"2026-09-27 21:31:12","2170","Liverpool","NSW","metro fringe","Samsung Galaxy S26 5G 256GB","Y","Choose a 2 hour window","SCHEDULED",11.99,"Delivered by 29 September",6.99,"Y","","ON_DEMAND_SCHEDULED","logo-alt",2,"Liverpool NSW 2170","primary_20260927_v2.2.0_gha","2026-09-27 21:30","2.2.0","+0930","primary","s26",1,"","",19,"21:30"
"2026-09-27 21:32:03","2300","Newcastle","NSW","regional","Samsung Galaxy S26 5G 256GB","Y","Choose a 2 hour window","SCHEDULED",11.99,"Delivered by 2 October",6.99,"Y","","ON_DEMAND_SCHEDULED","logo-alt",4,"Newcastle NSW 2300","primary_20260927_v2.2.0_gha","2026-09-27 21:30","2.2.0","+0930","primary","s26",1,"","",19,"21:30"
"2026-09-27 21:32:55","2480","Lismore","NSW","regional","Samsung Galaxy S26 5G 256GB","N","","NONE","","Delivered by 29 September",9.99,"N","No on-demand option offered; price tie - 3 non-Uber options at $9.99, first in DOM order used","ON_DEMAND_UNAVAILABLE","",3,"Lismore NSW 2480","primary_20260927_v2.2.0_gha","2026-09-27 21:30","2.2.0","+0930","primary","s26",1,"","",19,"21:30"
"2026-09-27 21:48:35","2601","Canberra","ACT","metro core","Samsung Galaxy S26 5G 256GB","Y","Choose a 2 hour window","SCHEDULED",11.99,"Delivered by 1 October",6.99,"Y","","ON_DEMAND_SCHEDULED","logo-alt",4,"Canberra ACT 2601","primary_20260927_v2.2.0_gha","2026-09-27 21:30","2.2.0","+0930","primary","s26",1,"","",19,"21:30"
"2026-09-27 21:32:29","2650","Wagga Wagga","NSW","regional","Samsung Galaxy S26 5G 256GB","Y","Choose a 2 hour window","SCHEDULED",11.99,"Delivered by 29 September",9.99,"Y","price tie - 3 non-Uber options at $9.99, first in DOM order used","ON_DEMAND_SCHEDULED","logo-alt",4,"Wagga Wagga NSW 2650","primary_20260927_v2.2.0_gha","2026-09-27 21:30","2.2.0","+0930","primary","s26",1,"","",19,"21:30"
"2026-09-27 21:31:37","2750","Penrith","NSW","metro fringe","Samsung Galaxy S26 5G 256GB","Y","Choose a 2 hour window","SCHEDULED",11.99,"Delivered by 29 September",6.99,"Y","","ON_DEMAND_SCHEDULED","logo-alt",2,"Penrith NSW 2750","primary_20260927_v2.2.0_gha","2026-09-27 21:30","2.2.0","+0930","primary","s26",1,"","",19,"21:30"
"2026-09-27 21:48:58","2900","Greenway","ACT","metro fringe","Samsung Galaxy S26 5G 256GB","Y","Choose a 2 hour window","SCHEDULED",11.99,"Delivered by 1 October",6.99,"Y","","ON_DEMAND_SCHEDULED","logo-alt",4,"Greenway ACT 2900","primary_20260927_v2.2.0_gha","2026-09-27 21:30","2.2.0","+0930","primary","s26",1,"","",19,"21:30"
"2026-09-27 21:33:19","3000","Melbourne","VIC","metro core","Samsung Galaxy S26 5G 256GB","Y","Choose a 2 hour window","SCHEDULED",11.99,"Delivered by 29 September",6.99,"Y","","ON_DEMAND_SCHEDULED","logo-alt",2,"Melbourne VIC 3000","primary_20260927_v2.2.0_gha","2026-09-27 21:30","2.2.0","+0930","primary","s26",1,"","",19,"21:30"
"2026-09-27 21:34:11","3030","Point Cook","VIC","metro fringe","Samsung Galaxy S26 5G 256GB","Y","Choose a 2 hour window","SCHEDULED",11.99,"Delivered by 29 September",6.99,"Y","","ON_DEMAND_SCHEDULED","logo-alt",2,"Point Cook VIC 3030","primary_20260927_v2.2.0_gha","2026-09-27 21:30","2.2.0","+0930","primary","s26",1,"","",19,"21:30"
"2026-09-27 21:33:44","3121","Richmond","VIC","metro core","Samsung Galaxy S26 5G 256GB","Y","Choose a 2 hour window","SCHEDULED",11.99,"Delivered by 29 September",6.99,"Y","","ON_DEMAND_SCHEDULED","logo-alt",2,"Richmond VIC 3121","primary_20260927_v2.2.0_gha","2026-09-27 21:30","2.2.0","+0930","primary","s26",1,"","",19,"21:30"
"2026-09-27 21:34:37","3175","Dandenong","VIC","metro fringe","Samsung Galaxy S26 5G 256GB","Y","Choose a 2 hour window","SCHEDULED",11.99,"Delivered by 29 September",6.99,"Y","","ON_DEMAND_SCHEDULED","logo-alt",2,"Dandenong VIC 3175","primary_20260927_v2.2.0_gha","2026-09-27 21:30","2.2.0","+0930","primary","s26",1,"","",19,"21:30"
"2026-09-27 21:35:02","3220","Geelong","VIC","regional","Samsung Galaxy S26 5G 256GB","Y","Choose a 2 hour window","SCHEDULED",11.99,"Delivered by 29 September",6.99,"Y","","ON_DEMAND_SCHEDULED","logo-alt",2,"Geelong VIC 3220","primary_20260927_v2.2.0_gha","2026-09-27 21:30","2.2.0","+0930","primary","s26",1,"","",19,"21:30"
"2026-09-27 21:35:50","3350","Ballarat","VIC","regional","Samsung Galaxy S26 5G 256GB","Y","Choose a 2 hour window","SCHEDULED",11.99,"Delivered by 30 September",5.99,"Y","","ON_DEMAND_SCHEDULED","logo-alt",4,"Ballarat VIC 3350","primary_20260927_v2.2.0_gha","2026-09-27 21:30","2.2.0","+0930","primary","s26",1,"","",19,"21:30"
"2026-09-27 21:35:25","3550","Bendigo","VIC","regional","Samsung Galaxy S26 5G 256GB","Y","Choose a 2 hour window","SCHEDULED",11.99,"Delivered by 29 September",9.99,"Y","price tie - 3 non-Uber options at $9.99, first in DOM order used","ON_DEMAND_SCHEDULED","logo-alt",4,"Bendigo VIC 3550","primary_20260927_v2.2.0_gha","2026-09-27 21:30","2.2.0","+0930","primary","s26",1,"","",19,"21:30"
"2026-09-27 21:36:13","4000","Brisbane City","QLD","metro core","Samsung Galaxy S26 5G 256GB","Y","Choose a 2 hour window","SCHEDULED",11.99,"Delivered by 29 September",6.99,"Y","","ON_DEMAND_SCHEDULED","logo-alt",2,"Brisbane City QLD 4000","primary_20260927_v2.2.0_gha","2026-09-27 21:30","2.2.0","+0930","primary","s26",1,"","",19,"21:30"
"2026-09-27 21:36:38","4006","Fortitude Valley","QLD","metro core","Samsung Galaxy S26 5G 256GB","Y","Choose a 2 hour window","SCHEDULED",11.99,"Delivered by 29 September",6.99,"Y","","ON_DEMAND_SCHEDULED","logo-alt",2,"Fortitude Valley QLD 4006","primary_20260927_v2.2.0_gha","2026-09-27 21:30","2.2.0","+0930","primary","s26",1,"","",19,"21:30"
"2026-09-27 21:37:31","4178","Wynnum","QLD","metro fringe","Samsung Galaxy S26 5G 256GB","Y","Choose a 2 hour window","SCHEDULED",11.99,"Delivered by 29 September",6.99,"Y","","ON_DEMAND_SCHEDULED","logo-alt",2,"Wynnum QLD 4178","primary_20260927_v2.2.0_gha","2026-09-27 21:30","2.2.0","+0930","primary","s26",1,"","",19,"21:30"
"2026-09-27 21:37:05","4300","Springfield","QLD","metro fringe","Samsung Galaxy S26 5G 256GB","Y","Choose a 2 hour window","SCHEDULED",11.99,"Delivered by 29 September",6.99,"Y","","ON_DEMAND_SCHEDULED","logo-alt",2,"Springfield QLD 4300","primary_20260927_v2.2.0_gha","2026-09-27 21:30","2.2.0","+0930","primary","s26",1,"","",19,"21:30"
"2026-09-27 21:37:55","4350","Toowoomba City","QLD","regional","Samsung Galaxy S26 5G 256GB","Y","Choose a 2 hour window","SCHEDULED",11.99,"Delivered by 29 September",9.99,"Y","price tie - 3 non-Uber options at $9.99, first in DOM order used","ON_DEMAND_SCHEDULED","logo-alt",4,"Toowoomba City QLD 4350","primary_20260927_v2.2.0_gha","2026-09-27 21:30","2.2.0","+0930","primary","s26",1,"","",19,"21:30"
"2026-09-27 21:38:20","4740","Mackay","QLD","regional","Samsung Galaxy S26 5G 256GB","N","","NONE","","Delivered by 29 September",9.99,"N","No on-demand option offered; price tie - 3 non-Uber options at $9.99, first in DOM order used","ON_DEMAND_UNAVAILABLE","",3,"Mackay QLD 4740","primary_20260927_v2.2.0_gha","2026-09-27 21:30","2.2.0","+0930","primary","s26",1,"","",19,"21:30"
"2026-09-27 21:38:45","4870","Cairns","QLD","regional","Samsung Galaxy S26 5G 256GB","Y","Choose a 2 hour window","SCHEDULED",11.99,"Delivered by 29 September",9.99,"Y","price tie - 3 non-Uber options at $9.99, first in DOM order used","ON_DEMAND_SCHEDULED","logo-alt",4,"Cairns QLD 4870","primary_20260927_v2.2.0_gha","2026-09-27 21:30","2.2.0","+0930","primary","s26",1,"","",19,"21:30"
"2026-09-27 21:39:09","5000","Adelaide","SA","metro core","Samsung Galaxy S26 5G 256GB","Y","Choose a 2 hour window","SCHEDULED",11.99,"Delivered by 29 September",6.99,"Y","","ON_DEMAND_SCHEDULED","logo-alt",2,"Adelaide SA 5000","primary_20260927_v2.2.0_gha","2026-09-27 21:30","2.2.0","+0930","primary","s26",1,"","",19,"21:30"
"2026-09-27 21:40:19","5022","Grange","SA","metro fringe","Samsung Galaxy S26 5G 256GB","Y","Choose a 2 hour window","SCHEDULED",11.99,"Delivered by 29 September",6.99,"Y","","ON_DEMAND_SCHEDULED","logo-alt",2,"Grange SA 5022","primary_20260927_v2.2.0_gha","2026-09-27 21:30","2.2.0","+0930","primary","s26",1,"","",19,"21:30"
"2026-09-27 21:39:55","5034","Millswood","SA","metro core","Samsung Galaxy S26 5G 256GB","Y","Choose a 2 hour window","SCHEDULED",11.99,"Delivered by 29 September",6.99,"Y","","ON_DEMAND_SCHEDULED","logo-alt",2,"Millswood SA 5034","primary_20260927_v2.2.0_gha","2026-09-27 21:30","2.2.0","+0930","primary","s26",1,"","",19,"21:30"
"2026-09-27 21:39:32","5067","Norwood","SA","metro core","Samsung Galaxy S26 5G 256GB","Y","Choose a 2 hour window","SCHEDULED",11.99,"Delivered by 29 September",6.99,"Y","","ON_DEMAND_SCHEDULED","logo-alt",2,"Norwood SA 5067","primary_20260927_v2.2.0_gha","2026-09-27 21:30","2.2.0","+0930","primary","s26",1,"","",19,"21:30"
"2026-09-27 21:41:29","5095","Mawson Lakes","SA","metro fringe","Samsung Galaxy S26 5G 256GB","Y","Choose a 2 hour window","SCHEDULED",11.99,"Delivered by 29 September",6.99,"Y","","ON_DEMAND_SCHEDULED","logo-alt",2,"Mawson Lakes SA 5095","primary_20260927_v2.2.0_gha","2026-09-27 21:30","2.2.0","+0930","primary","s26",1,"","",19,"21:30"
"2026-09-27 21:40:41","5108","Salisbury","SA","metro fringe","Samsung Galaxy S26 5G 256GB","Y","Choose a 2 hour window","SCHEDULED",11.99,"Delivered by 29 September",6.99,"Y","","ON_DEMAND_SCHEDULED","logo-alt",2,"Salisbury SA 5108","primary_20260927_v2.2.0_gha","2026-09-27 21:30","2.2.0","+0930","primary","s26",1,"","",19,"21:30"
"2026-09-27 21:41:59","5114","Smithfield","SA","outer metro","Samsung Galaxy S26 5G 256GB","Y","Choose a 2 hour window","SCHEDULED",11.99,"Delivered by 29 September",6.99,"Y","","ON_DEMAND_SCHEDULED","logo-alt",2,"Smithfield SA 5114","primary_20260927_v2.2.0_gha","2026-09-27 21:30","2.2.0","+0930","primary","s26",1,"","",19,"21:30"
"2026-09-27 21:41:07","5162","Morphett Vale","SA","metro fringe","Samsung Galaxy S26 5G 256GB","Y","Choose a 2 hour window","SCHEDULED",11.99,"Delivered by 29 September",6.99,"Y","","ON_DEMAND_SCHEDULED","logo-alt",2,"Morphett Vale SA 5162","primary_20260927_v2.2.0_gha","2026-09-27 21:30","2.2.0","+0930","primary","s26",1,"","",19,"21:30"
"2026-09-27 21:42:25","5251","Mount Barker","SA","outer metro","Samsung Galaxy S26 5G 256GB","N","","NONE","","Delivered by 29 September",9.99,"N","No on-demand option offered; price tie - 3 non-Uber options at $9.99, first in DOM order used","ON_DEMAND_UNAVAILABLE","",3,"Mount Barker SA 5251","primary_20260927_v2.2.0_gha","2026-09-27 21:30","2.2.0","+0930","primary","s26",1,"","",19,"21:30"
"2026-09-27 21:42:49","5290","Mount Gambier","SA","regional","Samsung Galaxy S26 5G 256GB","N","","NONE","","Delivered by 29 September",9.99,"N","No on-demand option offered; price tie - 3 non-Uber options at $9.99, first in DOM order used","ON_DEMAND_UNAVAILABLE","",3,"Mount Gambier SA 5290","primary_20260927_v2.2.0_gha","2026-09-27 21:30","2.2.0","+0930","primary","s26",1,"","",19,"21:30"
"2026-09-27 21:43:28","5606","Port Lincoln","SA","regional","Samsung Galaxy S26 5G 256GB","N","","NONE","","","","N","No available stores found for the given location.","NO_STORE_REPORTED","",0,"Port Lincoln SA 5606","primary_20260927_v2.2.0_gha","2026-09-27 21:30","2.2.0","+0930","primary","s26",1,"","",19,"21:30"
"2026-09-27 21:43:09","5700","Port Augusta","SA","regional","Samsung Galaxy S26 5G 256GB","N","","NONE","","","","N","No available stores found for the given location.","NO_STORE_REPORTED","",0,"Port Augusta SA 5700","primary_20260927_v2.2.0_gha","2026-09-27 21:30","2.2.0","+0930","primary","s26",1,"","",19,"21:30"
"2026-09-27 21:43:54","6000","Perth","WA","metro core","Samsung Galaxy S26 5G 256GB","Y","Choose a 2 hour window","SCHEDULED",11.99,"Delivered by 29 September",6.99,"Y","","ON_DEMAND_SCHEDULED","logo-alt",2,"Perth WA 6000","primary_20260927_v2.2.0_gha","2026-09-27 21:30","2.2.0","+0930","primary","s26",1,"","",19,"21:30"
"2026-09-27 21:44:19","6008","Subiaco","WA","metro core","Samsung Galaxy S26 5G 256GB","Y","Choose a 2 hour window","SCHEDULED",11.99,"Delivered by 29 September",6.99,"Y","","ON_DEMAND_SCHEDULED","logo-alt",2,"Subiaco WA 6008","primary_20260927_v2.2.0_gha","2026-09-27 21:30","2.2.0","+0930","primary","s26",1,"","",19,"21:30"
"2026-09-27 21:45:10","6030","Clarkson","WA","metro fringe","Samsung Galaxy S26 5G 256GB","Y","Choose a 2 hour window","SCHEDULED",11.99,"Delivered by 29 September",6.99,"Y","","ON_DEMAND_SCHEDULED","logo-alt",2,"Clarkson WA 6030","primary_20260927_v2.2.0_gha","2026-09-27 21:30","2.2.0","+0930","primary","s26",1,"","",19,"21:30"
"2026-09-27 21:44:42","6164","Success","WA","metro fringe","Samsung Galaxy S26 5G 256GB","Y","Choose a 2 hour window","SCHEDULED",11.99,"Delivered by 29 September",6.99,"Y","","ON_DEMAND_SCHEDULED","logo-alt",2,"Success WA 6164","primary_20260927_v2.2.0_gha","2026-09-27 21:30","2.2.0","+0930","primary","s26",1,"","",19,"21:30"
"2026-09-27 21:45:36","6230","Bunbury","WA","regional","Samsung Galaxy S26 5G 256GB","Y","Choose a 2 hour window","SCHEDULED",11.99,"Delivered by 30 September",9.99,"Y","price tie - 3 non-Uber options at $9.99, first in DOM order used","ON_DEMAND_SCHEDULED","logo-alt",4,"Bunbury WA 6230","primary_20260927_v2.2.0_gha","2026-09-27 21:30","2.2.0","+0930","primary","s26",1,"","",19,"21:30"
"2026-09-27 21:46:00","6430","Kalgoorlie","WA","regional","Samsung Galaxy S26 5G 256GB","N","","NONE","","","","N","No available stores found for the given location.","NO_STORE_REPORTED","",0,"Kalgoorlie WA 6430","primary_20260927_v2.2.0_gha","2026-09-27 21:30","2.2.0","+0930","primary","s26",1,"","",19,"21:30"
"2026-09-27 21:46:38","6530","Geraldton","WA","regional","Samsung Galaxy S26 5G 256GB","N","","NONE","","","","N","No available stores found for the given location.","NO_STORE_REPORTED","",0,"Geraldton WA 6530","primary_20260927_v2.2.0_gha","2026-09-27 21:30","2.2.0","+0930","primary","s26",2,"","",19,"21:30"
"2026-09-27 21:47:02","7000","Hobart","TAS","metro core","Samsung Galaxy S26 5G 256GB","Y","Choose a 2 hour window","SCHEDULED",11.99,"Delivered by 30 September",6.99,"Y","","ON_DEMAND_SCHEDULED","logo-alt",4,"Hobart TAS 7000","primary_20260927_v2.2.0_gha","2026-09-27 21:30","2.2.0","+0930","primary","s26",1,"","",19,"21:30"
"2026-09-27 21:47:25","7010","Glenorchy","TAS","metro fringe","Samsung Galaxy S26 5G 256GB","Y","Choose a 2 hour window","SCHEDULED",11.99,"Delivered by 1 October",6.99,"Y","","ON_DEMAND_SCHEDULED","logo-alt",4,"Glenorchy TAS 7010","primary_20260927_v2.2.0_gha","2026-09-27 21:30","2.2.0","+0930","primary","s26",1,"","",19,"21:30"
"2026-09-27 21:47:47","7250","Launceston","TAS","regional","Samsung Galaxy S26 5G 256GB","Y","Choose a 2 hour window","SCHEDULED",11.99,"Delivered by 30 September",6.99,"Y","","ON_DEMAND_SCHEDULED","logo-alt",4,"Launceston TAS 7250","primary_20260927_v2.2.0_gha","2026-09-27 21:30","2.2.0","+0930","primary","s26",1,"","",19,"21:30"
"2026-09-27 21:48:13","7320","Burnie","TAS","regional","Samsung Galaxy S26 5G 256GB","N","","NONE","","Delivered by 30 September",6.99,"N","No on-demand option offered","ON_DEMAND_UNAVAILABLE","",3,"Burnie TAS 7320","primary_20260927_v2.2.0_gha","2026-09-27 21:30","2.2.0","+0930","primary","s26",1,"","",19,"21:30"
"2026-09-27 22:18:43","0800","Darwin City","NT","metro core","Samsung Galaxy S26 5G 256GB","Y","Choose a 2 hour window","SCHEDULED",11.99,"Delivered by 30 September",9.99,"Y","price tie - 3 non-Uber options at $9.99, first in DOM order used","ON_DEMAND_SCHEDULED","logo-alt",4,"Darwin City NT 0800","primary_20260927_v2.2.0_gha","2026-09-27 22:00","2.2.0","+0930","primary","s26",1,"","",20,"22:00"
"2026-09-27 22:19:07","0810","Casuarina","NT","metro fringe","Samsung Galaxy S26 5G 256GB","Y","Choose a 2 hour window","SCHEDULED",11.99,"Delivered by 30 September",9.99,"Y","price tie - 3 non-Uber options at $9.99, first in DOM order used","ON_DEMAND_SCHEDULED","logo-alt",4,"Casuarina NT 0810","primary_20260927_v2.2.0_gha","2026-09-27 22:00","2.2.0","+0930","primary","s26",1,"","",20,"22:00"
"2026-09-27 22:19:27","0870","Alice Springs","NT","regional","Samsung Galaxy S26 5G 256GB","N","","NONE","","","","N","No available stores found for the given location.","NO_STORE_REPORTED","",0,"Alice Springs NT 0870","primary_20260927_v2.2.0_gha","2026-09-27 22:00","2.2.0","+0930","primary","s26",1,"","",20,"22:00"
"2026-09-27 22:00:15","2000","Sydney","NSW","metro core","Samsung Galaxy S26 5G 256GB","Y","Choose a 2 hour window","SCHEDULED",11.99,"Delivered by 29 September",6.99,"Y","","ON_DEMAND_SCHEDULED","logo-alt",2,"Sydney NSW 2000","primary_20260927_v2.2.0_gha","2026-09-27 22:00","2.2.0","+0930","primary","s26",1,"","",20,"22:00"
"2026-09-27 22:00:39","2060","North Sydney","NSW","metro core","Samsung Galaxy S26 5G 256GB","Y","Choose a 2 hour window","SCHEDULED",11.99,"Delivered by 29 September",6.99,"Y","","ON_DEMAND_SCHEDULED","logo-alt",2,"North Sydney NSW 2060","primary_20260927_v2.2.0_gha","2026-09-27 22:00","2.2.0","+0930","primary","s26",1,"","",20,"22:00"
"2026-09-27 22:01:01","2170","Liverpool","NSW","metro fringe","Samsung Galaxy S26 5G 256GB","Y","Choose a 2 hour window","SCHEDULED",11.99,"Delivered by 29 September",6.99,"Y","","ON_DEMAND_SCHEDULED","logo-alt",2,"Liverpool NSW 2170","primary_20260927_v2.2.0_gha","2026-09-27 22:00","2.2.0","+0930","primary","s26",1,"","",20,"22:00"
"2026-09-27 22:01:50","2300","Newcastle","NSW","regional","Samsung Galaxy S26 5G 256GB","Y","Choose a 2 hour window","SCHEDULED",11.99,"Delivered by 2 October",6.99,"Y","","ON_DEMAND_SCHEDULED","logo-alt",4,"Newcastle NSW 2300","primary_20260927_v2.2.0_gha","2026-09-27 22:00","2.2.0","+0930","primary","s26",1,"","",20,"22:00"
"2026-09-27 22:02:41","2480","Lismore","NSW","regional","Samsung Galaxy S26 5G 256GB","N","","NONE","","Delivered by 29 September",9.99,"N","No on-demand option offered; price tie - 3 non-Uber options at $9.99, first in DOM order used","ON_DEMAND_UNAVAILABLE","",3,"Lismore NSW 2480","primary_20260927_v2.2.0_gha","2026-09-27 22:00","2.2.0","+0930","primary","s26",1,"","",20,"22:00"
"2026-09-27 22:17:53","2601","Canberra","ACT","metro core","Samsung Galaxy S26 5G 256GB","Y","Choose a 2 hour window","SCHEDULED",11.99,"Delivered by 1 October",6.99,"Y","","ON_DEMAND_SCHEDULED","logo-alt",4,"Canberra ACT 2601","primary_20260927_v2.2.0_gha","2026-09-27 22:00","2.2.0","+0930","primary","s26",1,"","",20,"22:00"
"2026-09-27 22:02:18","2650","Wagga Wagga","NSW","regional","Samsung Galaxy S26 5G 256GB","Y","Choose a 2 hour window","SCHEDULED",11.99,"Delivered by 29 September",9.99,"Y","price tie - 3 non-Uber options at $9.99, first in DOM order used","ON_DEMAND_SCHEDULED","logo-alt",4,"Wagga Wagga NSW 2650","primary_20260927_v2.2.0_gha","2026-09-27 22:00","2.2.0","+0930","primary","s26",1,"","",20,"22:00"
"2026-09-27 22:01:27","2750","Penrith","NSW","metro fringe","Samsung Galaxy S26 5G 256GB","Y","Choose a 2 hour window","SCHEDULED",11.99,"Delivered by 29 September",6.99,"Y","","ON_DEMAND_SCHEDULED","logo-alt",2,"Penrith NSW 2750","primary_20260927_v2.2.0_gha","2026-09-27 22:00","2.2.0","+0930","primary","s26",1,"","",20,"22:00"
"2026-09-27 22:18:17","2900","Greenway","ACT","metro fringe","Samsung Galaxy S26 5G 256GB","Y","Choose a 2 hour window","SCHEDULED",11.99,"Delivered by 1 October",6.99,"Y","","ON_DEMAND_SCHEDULED","logo-alt",4,"Greenway ACT 2900","primary_20260927_v2.2.0_gha","2026-09-27 22:00","2.2.0","+0930","primary","s26",1,"","",20,"22:00"
"2026-09-27 22:03:08","3000","Melbourne","VIC","metro core","Samsung Galaxy S26 5G 256GB","Y","Choose a 2 hour window","SCHEDULED",11.99,"Delivered by 29 September",6.99,"Y","","ON_DEMAND_SCHEDULED","logo-alt",2,"Melbourne VIC 3000","primary_20260927_v2.2.0_gha","2026-09-27 22:00","2.2.0","+0930","primary","s26",1,"","",20,"22:00"
"2026-09-27 22:03:51","3030","Point Cook","VIC","metro fringe","Samsung Galaxy S26 5G 256GB","Y","Choose a 2 hour window","SCHEDULED",11.99,"Delivered by 29 September",6.99,"Y","","ON_DEMAND_SCHEDULED","logo-alt",2,"Point Cook VIC 3030","primary_20260927_v2.2.0_gha","2026-09-27 22:00","2.2.0","+0930","primary","s26",1,"","",20,"22:00"
"2026-09-27 22:03:29","3121","Richmond","VIC","metro core","Samsung Galaxy S26 5G 256GB","Y","Choose a 2 hour window","SCHEDULED",11.99,"Delivered by 29 September",6.99,"Y","","ON_DEMAND_SCHEDULED","logo-alt",2,"Richmond VIC 3121","primary_20260927_v2.2.0_gha","2026-09-27 22:00","2.2.0","+0930","primary","s26",1,"","",20,"22:00"
"2026-09-27 22:04:17","3175","Dandenong","VIC","metro fringe","Samsung Galaxy S26 5G 256GB","Y","Choose a 2 hour window","SCHEDULED",11.99,"Delivered by 29 September",6.99,"Y","","ON_DEMAND_SCHEDULED","logo-alt",2,"Dandenong VIC 3175","primary_20260927_v2.2.0_gha","2026-09-27 22:00","2.2.0","+0930","primary","s26",1,"","",20,"22:00"
"2026-09-27 22:04:42","3220","Geelong","VIC","regional","Samsung Galaxy S26 5G 256GB","Y","Choose a 2 hour window","SCHEDULED",11.99,"Delivered by 29 September",6.99,"Y","","ON_DEMAND_SCHEDULED","logo-alt",2,"Geelong VIC 3220","primary_20260927_v2.2.0_gha","2026-09-27 22:00","2.2.0","+0930","primary","s26",1,"","",20,"22:00"
"2026-09-27 22:05:29","3350","Ballarat","VIC","regional","Samsung Galaxy S26 5G 256GB","Y","Choose a 2 hour window","SCHEDULED",11.99,"Delivered by 1 October",5.99,"Y","","ON_DEMAND_SCHEDULED","logo-alt",4,"Ballarat VIC 3350","primary_20260927_v2.2.0_gha","2026-09-27 22:00","2.2.0","+0930","primary","s26",1,"","",20,"22:00"
"2026-09-27 22:05:06","3550","Bendigo","VIC","regional","Samsung Galaxy S26 5G 256GB","Y","Choose a 2 hour window","SCHEDULED",11.99,"Delivered by 29 September",9.99,"Y","price tie - 3 non-Uber options at $9.99, first in DOM order used","ON_DEMAND_SCHEDULED","logo-alt",4,"Bendigo VIC 3550","primary_20260927_v2.2.0_gha","2026-09-27 22:00","2.2.0","+0930","primary","s26",1,"","",20,"22:00"
"2026-09-27 22:05:53","4000","Brisbane City","QLD","metro core","Samsung Galaxy S26 5G 256GB","Y","Choose a 2 hour window","SCHEDULED",11.99,"Delivered by 29 September",6.99,"Y","","ON_DEMAND_SCHEDULED","logo-alt",2,"Brisbane City QLD 4000","primary_20260927_v2.2.0_gha","2026-09-27 22:00","2.2.0","+0930","primary","s26",1,"","",20,"22:00"
"2026-09-27 22:06:20","4006","Fortitude Valley","QLD","metro core","Samsung Galaxy S26 5G 256GB","Y","Choose a 2 hour window","SCHEDULED",11.99,"Delivered by 29 September",6.99,"Y","","ON_DEMAND_SCHEDULED","logo-alt",2,"Fortitude Valley QLD 4006","primary_20260927_v2.2.0_gha","2026-09-27 22:00","2.2.0","+0930","primary","s26",1,"","",20,"22:00"
"2026-09-27 22:07:08","4178","Wynnum","QLD","metro fringe","Samsung Galaxy S26 5G 256GB","Y","Choose a 2 hour window","SCHEDULED",11.99,"Delivered by 29 September",6.99,"Y","","ON_DEMAND_SCHEDULED","logo-alt",2,"Wynnum QLD 4178","primary_20260927_v2.2.0_gha","2026-09-27 22:00","2.2.0","+0930","primary","s26",1,"","",20,"22:00"
"2026-09-27 22:06:44","4300","Springfield","QLD","metro fringe","Samsung Galaxy S26 5G 256GB","Y","Choose a 2 hour window","SCHEDULED",11.99,"Delivered by 29 September",6.99,"Y","","ON_DEMAND_SCHEDULED","logo-alt",2,"Springfield QLD 4300","primary_20260927_v2.2.0_gha","2026-09-27 22:00","2.2.0","+0930","primary","s26",1,"","",20,"22:00"
"2026-09-27 22:07:31","4350","Toowoomba City","QLD","regional","Samsung Galaxy S26 5G 256GB","Y","Choose a 2 hour window","SCHEDULED",11.99,"Delivered by 29 September",9.99,"Y","price tie - 3 non-Uber options at $9.99, first in DOM order used","ON_DEMAND_SCHEDULED","logo-alt",4,"Toowoomba City QLD 4350","primary_20260927_v2.2.0_gha","2026-09-27 22:00","2.2.0","+0930","primary","s26",1,"","",20,"22:00"
"2026-09-27 22:07:58","4740","Mackay","QLD","regional","Samsung Galaxy S26 5G 256GB","N","","NONE","","Delivered by 29 September",9.99,"N","No on-demand option offered; price tie - 3 non-Uber options at $9.99, first in DOM order used","ON_DEMAND_UNAVAILABLE","",3,"Mackay QLD 4740","primary_20260927_v2.2.0_gha","2026-09-27 22:00","2.2.0","+0930","primary","s26",1,"","",20,"22:00"
"2026-09-27 22:08:23","4870","Cairns","QLD","regional","Samsung Galaxy S26 5G 256GB","Y","Choose a 2 hour window","SCHEDULED",11.99,"Delivered by 29 September",9.99,"Y","price tie - 3 non-Uber options at $9.99, first in DOM order used","ON_DEMAND_SCHEDULED","logo-alt",4,"Cairns QLD 4870","primary_20260927_v2.2.0_gha","2026-09-27 22:00","2.2.0","+0930","primary","s26",1,"","",20,"22:00"
"2026-09-27 22:08:47","5000","Adelaide","SA","metro core","Samsung Galaxy S26 5G 256GB","Y","Choose a 2 hour window","SCHEDULED",11.99,"Delivered by 29 September",6.99,"Y","","ON_DEMAND_SCHEDULED","logo-alt",2,"Adelaide SA 5000","primary_20260927_v2.2.0_gha","2026-09-27 22:00","2.2.0","+0930","primary","s26",1,"","",20,"22:00"
"2026-09-27 22:10:04","5022","Grange","SA","metro fringe","Samsung Galaxy S26 5G 256GB","Y","Choose a 2 hour window","SCHEDULED",11.99,"Delivered by 29 September",6.99,"Y","","ON_DEMAND_SCHEDULED","logo-alt",2,"Grange SA 5022","primary_20260927_v2.2.0_gha","2026-09-27 22:00","2.2.0","+0930","primary","s26",1,"","",20,"22:00"
"2026-09-27 22:09:37","5034","Millswood","SA","metro core","Samsung Galaxy S26 5G 256GB","Y","Choose a 2 hour window","SCHEDULED",11.99,"Delivered by 29 September",6.99,"Y","","ON_DEMAND_SCHEDULED","logo-alt",2,"Millswood SA 5034","primary_20260927_v2.2.0_gha","2026-09-27 22:00","2.2.0","+0930","primary","s26",1,"","",20,"22:00"
"2026-09-27 22:09:13","5067","Norwood","SA","metro core","Samsung Galaxy S26 5G 256GB","Y","Choose a 2 hour window","SCHEDULED",11.99,"Delivered by 29 September",6.99,"Y","","ON_DEMAND_SCHEDULED","logo-alt",2,"Norwood SA 5067","primary_20260927_v2.2.0_gha","2026-09-27 22:00","2.2.0","+0930","primary","s26",1,"","",20,"22:00"
"2026-09-27 22:11:19","5095","Mawson Lakes","SA","metro fringe","Samsung Galaxy S26 5G 256GB","Y","Choose a 2 hour window","SCHEDULED",11.99,"Delivered by 29 September",6.99,"Y","","ON_DEMAND_SCHEDULED","logo-alt",2,"Mawson Lakes SA 5095","primary_20260927_v2.2.0_gha","2026-09-27 22:00","2.2.0","+0930","primary","s26",1,"","",20,"22:00"
"2026-09-27 22:10:28","5108","Salisbury","SA","metro fringe","Samsung Galaxy S26 5G 256GB","Y","Choose a 2 hour window","SCHEDULED",11.99,"Delivered by 29 September",6.99,"Y","","ON_DEMAND_SCHEDULED","logo-alt",2,"Salisbury SA 5108","primary_20260927_v2.2.0_gha","2026-09-27 22:00","2.2.0","+0930","primary","s26",1,"","",20,"22:00"
"2026-09-27 22:11:43","5114","Smithfield","SA","outer metro","Samsung Galaxy S26 5G 256GB","Y","Choose a 2 hour window","SCHEDULED",11.99,"Delivered by 29 September",6.99,"Y","","ON_DEMAND_SCHEDULED","logo-alt",2,"Smithfield SA 5114","primary_20260927_v2.2.0_gha","2026-09-27 22:00","2.2.0","+0930","primary","s26",1,"","",20,"22:00"
"2026-09-27 22:10:51","5162","Morphett Vale","SA","metro fringe","Samsung Galaxy S26 5G 256GB","Y","Choose a 2 hour window","SCHEDULED",11.99,"Delivered by 29 September",6.99,"Y","","ON_DEMAND_SCHEDULED","logo-alt",2,"Morphett Vale SA 5162","primary_20260927_v2.2.0_gha","2026-09-27 22:00","2.2.0","+0930","primary","s26",1,"","",20,"22:00"
"2026-09-27 22:12:07","5251","Mount Barker","SA","outer metro","Samsung Galaxy S26 5G 256GB","N","","NONE","","Delivered by 29 September",9.99,"N","No on-demand option offered; price tie - 3 non-Uber options at $9.99, first in DOM order used","ON_DEMAND_UNAVAILABLE","",3,"Mount Barker SA 5251","primary_20260927_v2.2.0_gha","2026-09-27 22:00","2.2.0","+0930","primary","s26",1,"","",20,"22:00"
"2026-09-27 22:12:31","5290","Mount Gambier","SA","regional","Samsung Galaxy S26 5G 256GB","N","","NONE","","Delivered by 29 September",9.99,"N","No on-demand option offered; price tie - 3 non-Uber options at $9.99, first in DOM order used","ON_DEMAND_UNAVAILABLE","",3,"Mount Gambier SA 5290","primary_20260927_v2.2.0_gha","2026-09-27 22:00","2.2.0","+0930","primary","s26",1,"","",20,"22:00"
"2026-09-27 22:13:08","5606","Port Lincoln","SA","regional","Samsung Galaxy S26 5G 256GB","N","","NONE","","","","N","No available stores found for the given location.","NO_STORE_REPORTED","",0,"Port Lincoln SA 5606","primary_20260927_v2.2.0_gha","2026-09-27 22:00","2.2.0","+0930","primary","s26",1,"","",20,"22:00"
"2026-09-27 22:12:48","5700","Port Augusta","SA","regional","Samsung Galaxy S26 5G 256GB","N","","NONE","","","","N","No available stores found for the given location.","NO_STORE_REPORTED","",0,"Port Augusta SA 5700","primary_20260927_v2.2.0_gha","2026-09-27 22:00","2.2.0","+0930","primary","s26",1,"","",20,"22:00"
"2026-09-27 22:13:35","6000","Perth","WA","metro core","Samsung Galaxy S26 5G 256GB","Y","Choose a 2 hour window","SCHEDULED",11.99,"Delivered by 29 September",6.99,"Y","","ON_DEMAND_SCHEDULED","logo-alt",2,"Perth WA 6000","primary_20260927_v2.2.0_gha","2026-09-27 22:00","2.2.0","+0930","primary","s26",1,"","",20,"22:00"
"2026-09-27 22:14:01","6008","Subiaco","WA","metro core","Samsung Galaxy S26 5G 256GB","Y","Choose a 2 hour window","SCHEDULED",11.99,"Delivered by 29 September",6.99,"Y","","ON_DEMAND_SCHEDULED","logo-alt",2,"Subiaco WA 6008","primary_20260927_v2.2.0_gha","2026-09-27 22:00","2.2.0","+0930","primary","s26",1,"","",20,"22:00"
"2026-09-27 22:14:47","6030","Clarkson","WA","metro fringe","Samsung Galaxy S26 5G 256GB","Y","Choose a 2 hour window","SCHEDULED",11.99,"Delivered by 29 September",6.99,"Y","","ON_DEMAND_SCHEDULED","logo-alt",2,"Clarkson WA 6030","primary_20260927_v2.2.0_gha","2026-09-27 22:00","2.2.0","+0930","primary","s26",1,"","",20,"22:00"
"2026-09-27 22:14:24","6164","Success","WA","metro fringe","Samsung Galaxy S26 5G 256GB","Y","Choose a 2 hour window","SCHEDULED",11.99,"Delivered by 29 September",6.99,"Y","","ON_DEMAND_SCHEDULED","logo-alt",2,"Success WA 6164","primary_20260927_v2.2.0_gha","2026-09-27 22:00","2.2.0","+0930","primary","s26",1,"","",20,"22:00"
"2026-09-27 22:15:10","6230","Bunbury","WA","regional","Samsung Galaxy S26 5G 256GB","Y","Choose a 2 hour window","SCHEDULED",11.99,"Delivered by 30 September",9.99,"Y","price tie - 3 non-Uber options at $9.99, first in DOM order used","ON_DEMAND_SCHEDULED","logo-alt",4,"Bunbury WA 6230","primary_20260927_v2.2.0_gha","2026-09-27 22:00","2.2.0","+0930","primary","s26",1,"","",20,"22:00"
"2026-09-27 22:15:29","6430","Kalgoorlie","WA","regional","Samsung Galaxy S26 5G 256GB","N","","NONE","","","","N","No available stores found for the given location.","NO_STORE_REPORTED","",0,"Kalgoorlie WA 6430","primary_20260927_v2.2.0_gha","2026-09-27 22:00","2.2.0","+0930","primary","s26",1,"","",20,"22:00"
"2026-09-27 22:15:51","6530","Geraldton","WA","regional","Samsung Galaxy S26 5G 256GB","N","","NONE","","","","N","No available stores found for the given location.","NO_STORE_REPORTED","",0,"Geraldton WA 6530","primary_20260927_v2.2.0_gha","2026-09-27 22:00","2.2.0","+0930","primary","s26",1,"","",20,"22:00"
"2026-09-27 22:16:16","7000","Hobart","TAS","metro core","Samsung Galaxy S26 5G 256GB","Y","Choose a 2 hour window","SCHEDULED",11.99,"Delivered by 30 September",6.99,"Y","","ON_DEMAND_SCHEDULED","logo-alt",4,"Hobart TAS 7000","primary_20260927_v2.2.0_gha","2026-09-27 22:00","2.2.0","+0930","primary","s26",1,"","",20,"22:00"
"2026-09-27 22:16:41","7010","Glenorchy","TAS","metro fringe","Samsung Galaxy S26 5G 256GB","Y","Choose a 2 hour window","SCHEDULED",11.99,"Delivered by 1 October",6.99,"Y","","ON_DEMAND_SCHEDULED","logo-alt",4,"Glenorchy TAS 7010","primary_20260927_v2.2.0_gha","2026-09-27 22:00","2.2.0","+0930","primary","s26",1,"","",20,"22:00"
"2026-09-27 22:17:06","7250","Launceston","TAS","regional","Samsung Galaxy S26 5G 256GB","Y","Choose a 2 hour window","SCHEDULED",11.99,"Delivered by 30 September",6.99,"Y","","ON_DEMAND_SCHEDULED","logo-alt",4,"Launceston TAS 7250","primary_20260927_v2.2.0_gha","2026-09-27 22:00","2.2.0","+0930","primary","s26",1,"","",20,"22:00"
"2026-09-27 22:17:31","7320","Burnie","TAS","regional","Samsung Galaxy S26 5G 256GB","N","","NONE","","Delivered by 30 September",6.99,"N","No on-demand option offered","ON_DEMAND_UNAVAILABLE","",3,"Burnie TAS 7320","primary_20260927_v2.2.0_gha","2026-09-27 22:00","2.2.0","+0930","primary","s26",1,"","",20,"22:00"
"2026-09-27 22:49:10","0800","Darwin City","NT","metro core","Samsung Galaxy S26 5G 256GB","Y","Choose a 2 hour window","SCHEDULED",11.99,"Delivered by 30 September",9.99,"Y","price tie - 3 non-Uber options at $9.99, first in DOM order used","ON_DEMAND_SCHEDULED","logo-alt",4,"Darwin City NT 0800","primary_20260927_v2.2.0_gha","2026-09-27 22:30","2.2.0","+0930","primary","s26",1,"","",21,"22:30"
"2026-09-27 22:49:32","0810","Casuarina","NT","metro fringe","Samsung Galaxy S26 5G 256GB","Y","Choose a 2 hour window","SCHEDULED",11.99,"Delivered by 30 September",9.99,"Y","price tie - 3 non-Uber options at $9.99, first in DOM order used","ON_DEMAND_SCHEDULED","logo-alt",4,"Casuarina NT 0810","primary_20260927_v2.2.0_gha","2026-09-27 22:30","2.2.0","+0930","primary","s26",1,"","",21,"22:30"
"2026-09-27 22:49:53","0870","Alice Springs","NT","regional","Samsung Galaxy S26 5G 256GB","N","","NONE","","","","N","No available stores found for the given location.","NO_STORE_REPORTED","",0,"Alice Springs NT 0870","primary_20260927_v2.2.0_gha","2026-09-27 22:30","2.2.0","+0930","primary","s26",1,"","",21,"22:30"
"2026-09-27 22:30:18","2000","Sydney","NSW","metro core","Samsung Galaxy S26 5G 256GB","Y","Choose a 2 hour window","SCHEDULED",11.99,"Delivered by 29 September",6.99,"Y","","ON_DEMAND_SCHEDULED","logo-alt",2,"Sydney NSW 2000","primary_20260927_v2.2.0_gha","2026-09-27 22:30","2.2.0","+0930","primary","s26",1,"","",21,"22:30"
"2026-09-27 22:30:42","2060","North Sydney","NSW","metro core","Samsung Galaxy S26 5G 256GB","Y","Choose a 2 hour window","SCHEDULED",11.99,"Delivered by 29 September",6.99,"Y","","ON_DEMAND_SCHEDULED","logo-alt",2,"North Sydney NSW 2060","primary_20260927_v2.2.0_gha","2026-09-27 22:30","2.2.0","+0930","primary","s26",1,"","",21,"22:30"
"2026-09-27 22:31:11","2170","Liverpool","NSW","metro fringe","Samsung Galaxy S26 5G 256GB","Y","Choose a 2 hour window","SCHEDULED",11.99,"Delivered by 29 September",6.99,"Y","","ON_DEMAND_SCHEDULED","logo-alt",2,"Liverpool NSW 2170","primary_20260927_v2.2.0_gha","2026-09-27 22:30","2.2.0","+0930","primary","s26",1,"","",21,"22:30"
"2026-09-27 22:32:01","2300","Newcastle","NSW","regional","Samsung Galaxy S26 5G 256GB","Y","Choose a 2 hour window","SCHEDULED",11.99,"Delivered by 2 October",6.99,"Y","","ON_DEMAND_SCHEDULED","logo-alt",4,"Newcastle NSW 2300","primary_20260927_v2.2.0_gha","2026-09-27 22:30","2.2.0","+0930","primary","s26",1,"","",21,"22:30"
"2026-09-27 22:32:51","2480","Lismore","NSW","regional","Samsung Galaxy S26 5G 256GB","N","","NONE","","Delivered by 29 September",9.99,"N","No on-demand option offered; price tie - 3 non-Uber options at $9.99, first in DOM order used","ON_DEMAND_UNAVAILABLE","",3,"Lismore NSW 2480","primary_20260927_v2.2.0_gha","2026-09-27 22:30","2.2.0","+0930","primary","s26",1,"","",21,"22:30"
"2026-09-27 22:48:18","2601","Canberra","ACT","metro core","Samsung Galaxy S26 5G 256GB","Y","Choose a 2 hour window","SCHEDULED",11.99,"Delivered by 1 October",6.99,"Y","","ON_DEMAND_SCHEDULED","logo-alt",4,"Canberra ACT 2601","primary_20260927_v2.2.0_gha","2026-09-27 22:30","2.2.0","+0930","primary","s26",1,"","",21,"22:30"
"2026-09-27 22:32:25","2650","Wagga Wagga","NSW","regional","Samsung Galaxy S26 5G 256GB","Y","Choose a 2 hour window","SCHEDULED",11.99,"Delivered by 29 September",9.99,"Y","price tie - 3 non-Uber options at $9.99, first in DOM order used","ON_DEMAND_SCHEDULED","logo-alt",4,"Wagga Wagga NSW 2650","primary_20260927_v2.2.0_gha","2026-09-27 22:30","2.2.0","+0930","primary","s26",1,"","",21,"22:30"
"2026-09-27 22:31:35","2750","Penrith","NSW","metro fringe","Samsung Galaxy S26 5G 256GB","Y","Choose a 2 hour window","SCHEDULED",11.99,"Delivered by 29 September",6.99,"Y","","ON_DEMAND_SCHEDULED","logo-alt",2,"Penrith NSW 2750","primary_20260927_v2.2.0_gha","2026-09-27 22:30","2.2.0","+0930","primary","s26",1,"","",21,"22:30"
"2026-09-27 22:48:44","2900","Greenway","ACT","metro fringe","Samsung Galaxy S26 5G 256GB","Y","Choose a 2 hour window","SCHEDULED",11.99,"Delivered by 1 October",6.99,"Y","","ON_DEMAND_SCHEDULED","logo-alt",4,"Greenway ACT 2900","primary_20260927_v2.2.0_gha","2026-09-27 22:30","2.2.0","+0930","primary","s26",1,"","",21,"22:30"
"2026-09-27 22:33:16","3000","Melbourne","VIC","metro core","Samsung Galaxy S26 5G 256GB","Y","Choose a 2 hour window","SCHEDULED",11.99,"Delivered by 29 September",6.99,"Y","","ON_DEMAND_SCHEDULED","logo-alt",2,"Melbourne VIC 3000","primary_20260927_v2.2.0_gha","2026-09-27 22:30","2.2.0","+0930","primary","s26",1,"","",21,"22:30"
"2026-09-27 22:34:09","3030","Point Cook","VIC","metro fringe","Samsung Galaxy S26 5G 256GB","Y","Choose a 2 hour window","SCHEDULED",11.99,"Delivered by 29 September",6.99,"Y","","ON_DEMAND_SCHEDULED","logo-alt",2,"Point Cook VIC 3030","primary_20260927_v2.2.0_gha","2026-09-27 22:30","2.2.0","+0930","primary","s26",1,"","",21,"22:30"
"2026-09-27 22:33:43","3121","Richmond","VIC","metro core","Samsung Galaxy S26 5G 256GB","Y","Choose a 2 hour window","SCHEDULED",11.99,"Delivered by 29 September",6.99,"Y","","ON_DEMAND_SCHEDULED","logo-alt",2,"Richmond VIC 3121","primary_20260927_v2.2.0_gha","2026-09-27 22:30","2.2.0","+0930","primary","s26",1,"","",21,"22:30"
"2026-09-27 22:34:34","3175","Dandenong","VIC","metro fringe","Samsung Galaxy S26 5G 256GB","Y","Choose a 2 hour window","SCHEDULED",11.99,"Delivered by 29 September",6.99,"Y","","ON_DEMAND_SCHEDULED","logo-alt",2,"Dandenong VIC 3175","primary_20260927_v2.2.0_gha","2026-09-27 22:30","2.2.0","+0930","primary","s26",1,"","",21,"22:30"
"2026-09-27 22:34:58","3220","Geelong","VIC","regional","Samsung Galaxy S26 5G 256GB","Y","Choose a 2 hour window","SCHEDULED",11.99,"Delivered by 29 September",6.99,"Y","","ON_DEMAND_SCHEDULED","logo-alt",2,"Geelong VIC 3220","primary_20260927_v2.2.0_gha","2026-09-27 22:30","2.2.0","+0930","primary","s26",1,"","",21,"22:30"
"2026-09-27 22:35:44","3350","Ballarat","VIC","regional","Samsung Galaxy S26 5G 256GB","Y","Choose a 2 hour window","SCHEDULED",11.99,"Delivered by 1 October",5.99,"Y","","ON_DEMAND_SCHEDULED","logo-alt",4,"Ballarat VIC 3350","primary_20260927_v2.2.0_gha","2026-09-27 22:30","2.2.0","+0930","primary","s26",1,"","",21,"22:30"
"2026-09-27 22:35:19","3550","Bendigo","VIC","regional","Samsung Galaxy S26 5G 256GB","Y","Choose a 2 hour window","SCHEDULED",11.99,"Delivered by 29 September",9.99,"Y","price tie - 3 non-Uber options at $9.99, first in DOM order used","ON_DEMAND_SCHEDULED","logo-alt",4,"Bendigo VIC 3550","primary_20260927_v2.2.0_gha","2026-09-27 22:30","2.2.0","+0930","primary","s26",1,"","",21,"22:30"
"2026-09-27 22:36:07","4000","Brisbane City","QLD","metro core","Samsung Galaxy S26 5G 256GB","Y","Choose a 2 hour window","SCHEDULED",11.99,"Delivered by 29 September",6.99,"Y","","ON_DEMAND_SCHEDULED","logo-alt",2,"Brisbane City QLD 4000","primary_20260927_v2.2.0_gha","2026-09-27 22:30","2.2.0","+0930","primary","s26",1,"","",21,"22:30"
"2026-09-27 22:36:30","4006","Fortitude Valley","QLD","metro core","Samsung Galaxy S26 5G 256GB","Y","Choose a 2 hour window","SCHEDULED",11.99,"Delivered by 29 September",6.99,"Y","","ON_DEMAND_SCHEDULED","logo-alt",2,"Fortitude Valley QLD 4006","primary_20260927_v2.2.0_gha","2026-09-27 22:30","2.2.0","+0930","primary","s26",1,"","",21,"22:30"
"2026-09-27 22:37:18","4178","Wynnum","QLD","metro fringe","Samsung Galaxy S26 5G 256GB","Y","Choose a 2 hour window","SCHEDULED",11.99,"Delivered by 29 September",6.99,"Y","","ON_DEMAND_SCHEDULED","logo-alt",2,"Wynnum QLD 4178","primary_20260927_v2.2.0_gha","2026-09-27 22:30","2.2.0","+0930","primary","s26",1,"","",21,"22:30"
"2026-09-27 22:36:55","4300","Springfield","QLD","metro fringe","Samsung Galaxy S26 5G 256GB","Y","Choose a 2 hour window","SCHEDULED",11.99,"Delivered by 29 September",6.99,"Y","","ON_DEMAND_SCHEDULED","logo-alt",2,"Springfield QLD 4300","primary_20260927_v2.2.0_gha","2026-09-27 22:30","2.2.0","+0930","primary","s26",1,"","",21,"22:30"
"2026-09-27 22:37:44","4350","Toowoomba City","QLD","regional","Samsung Galaxy S26 5G 256GB","Y","Choose a 2 hour window","SCHEDULED",11.99,"Delivered by 29 September",9.99,"Y","price tie - 3 non-Uber options at $9.99, first in DOM order used","ON_DEMAND_SCHEDULED","logo-alt",4,"Toowoomba City QLD 4350","primary_20260927_v2.2.0_gha","2026-09-27 22:30","2.2.0","+0930","primary","s26",1,"","",21,"22:30"
"2026-09-27 22:38:07","4740","Mackay","QLD","regional","Samsung Galaxy S26 5G 256GB","N","","NONE","","Delivered by 29 September",9.99,"N","No on-demand option offered; price tie - 3 non-Uber options at $9.99, first in DOM order used","ON_DEMAND_UNAVAILABLE","",3,"Mackay QLD 4740","primary_20260927_v2.2.0_gha","2026-09-27 22:30","2.2.0","+0930","primary","s26",1,"","",21,"22:30"
"2026-09-27 22:38:29","4870","Cairns","QLD","regional","Samsung Galaxy S26 5G 256GB","Y","Choose a 2 hour window","SCHEDULED",11.99,"Delivered by 29 September",9.99,"Y","price tie - 3 non-Uber options at $9.99, first in DOM order used","ON_DEMAND_SCHEDULED","logo-alt",4,"Cairns QLD 4870","primary_20260927_v2.2.0_gha","2026-09-27 22:30","2.2.0","+0930","primary","s26",1,"","",21,"22:30"
"2026-09-27 22:38:50","5000","Adelaide","SA","metro core","Samsung Galaxy S26 5G 256GB","Y","Choose a 2 hour window","SCHEDULED",11.99,"Delivered by 29 September",6.99,"Y","","ON_DEMAND_SCHEDULED","logo-alt",2,"Adelaide SA 5000","primary_20260927_v2.2.0_gha","2026-09-27 22:30","2.2.0","+0930","primary","s26",1,"","",21,"22:30"
"2026-09-27 22:40:07","5022","Grange","SA","metro fringe","Samsung Galaxy S26 5G 256GB","Y","Choose a 2 hour window","SCHEDULED",11.99,"Delivered by 29 September",6.99,"Y","","ON_DEMAND_SCHEDULED","logo-alt",2,"Grange SA 5022","primary_20260927_v2.2.0_gha","2026-09-27 22:30","2.2.0","+0930","primary","s26",1,"","",21,"22:30"
"2026-09-27 22:39:41","5034","Millswood","SA","metro core","Samsung Galaxy S26 5G 256GB","Y","Choose a 2 hour window","SCHEDULED",11.99,"Delivered by 29 September",6.99,"Y","","ON_DEMAND_SCHEDULED","logo-alt",2,"Millswood SA 5034","primary_20260927_v2.2.0_gha","2026-09-27 22:30","2.2.0","+0930","primary","s26",1,"","",21,"22:30"
"2026-09-27 22:39:16","5067","Norwood","SA","metro core","Samsung Galaxy S26 5G 256GB","Y","Choose a 2 hour window","SCHEDULED",11.99,"Delivered by 29 September",6.99,"Y","","ON_DEMAND_SCHEDULED","logo-alt",2,"Norwood SA 5067","primary_20260927_v2.2.0_gha","2026-09-27 22:30","2.2.0","+0930","primary","s26",1,"","",21,"22:30"
"2026-09-27 22:41:23","5095","Mawson Lakes","SA","metro fringe","Samsung Galaxy S26 5G 256GB","Y","Choose a 2 hour window","SCHEDULED",11.99,"Delivered by 29 September",6.99,"Y","","ON_DEMAND_SCHEDULED","logo-alt",2,"Mawson Lakes SA 5095","primary_20260927_v2.2.0_gha","2026-09-27 22:30","2.2.0","+0930","primary","s26",1,"","",21,"22:30"
"2026-09-27 22:40:31","5108","Salisbury","SA","metro fringe","Samsung Galaxy S26 5G 256GB","Y","Choose a 2 hour window","SCHEDULED",11.99,"Delivered by 29 September",6.99,"Y","","ON_DEMAND_SCHEDULED","logo-alt",2,"Salisbury SA 5108","primary_20260927_v2.2.0_gha","2026-09-27 22:30","2.2.0","+0930","primary","s26",1,"","",21,"22:30"
"2026-09-27 22:41:47","5114","Smithfield","SA","outer metro","Samsung Galaxy S26 5G 256GB","Y","Choose a 2 hour window","SCHEDULED",11.99,"Delivered by 29 September",6.99,"Y","","ON_DEMAND_SCHEDULED","logo-alt",2,"Smithfield SA 5114","primary_20260927_v2.2.0_gha","2026-09-27 22:30","2.2.0","+0930","primary","s26",1,"","",21,"22:30"
"2026-09-27 22:40:59","5162","Morphett Vale","SA","metro fringe","Samsung Galaxy S26 5G 256GB","Y","Choose a 2 hour window","SCHEDULED",11.99,"Delivered by 29 September",6.99,"Y","","ON_DEMAND_SCHEDULED","logo-alt",2,"Morphett Vale SA 5162","primary_20260927_v2.2.0_gha","2026-09-27 22:30","2.2.0","+0930","primary","s26",1,"","",21,"22:30"
"2026-09-27 22:42:13","5251","Mount Barker","SA","outer metro","Samsung Galaxy S26 5G 256GB","N","","NONE","","Delivered by 29 September",9.99,"N","No on-demand option offered; price tie - 3 non-Uber options at $9.99, first in DOM order used","ON_DEMAND_UNAVAILABLE","",3,"Mount Barker SA 5251","primary_20260927_v2.2.0_gha","2026-09-27 22:30","2.2.0","+0930","primary","s26",1,"","",21,"22:30"
"2026-09-27 22:42:38","5290","Mount Gambier","SA","regional","Samsung Galaxy S26 5G 256GB","N","","NONE","","Delivered by 29 September",9.99,"N","No on-demand option offered; price tie - 3 non-Uber options at $9.99, first in DOM order used","ON_DEMAND_UNAVAILABLE","",3,"Mount Gambier SA 5290","primary_20260927_v2.2.0_gha","2026-09-27 22:30","2.2.0","+0930","primary","s26",1,"","",21,"22:30"
"2026-09-27 22:43:23","5606","Port Lincoln","SA","regional","Samsung Galaxy S26 5G 256GB","N","","NONE","","","","N","No available stores found for the given location.","NO_STORE_REPORTED","",0,"Port Lincoln SA 5606","primary_20260927_v2.2.0_gha","2026-09-27 22:30","2.2.0","+0930","primary","s26",1,"","",21,"22:30"
"2026-09-27 22:42:59","5700","Port Augusta","SA","regional","Samsung Galaxy S26 5G 256GB","N","","NONE","","","","N","No available stores found for the given location.","NO_STORE_REPORTED","",0,"Port Augusta SA 5700","primary_20260927_v2.2.0_gha","2026-09-27 22:30","2.2.0","+0930","primary","s26",1,"","",21,"22:30"
"2026-09-27 22:43:47","6000","Perth","WA","metro core","Samsung Galaxy S26 5G 256GB","Y","Choose a 2 hour window","SCHEDULED",11.99,"Delivered by 29 September",6.99,"Y","","ON_DEMAND_SCHEDULED","logo-alt",2,"Perth WA 6000","primary_20260927_v2.2.0_gha","2026-09-27 22:30","2.2.0","+0930","primary","s26",1,"","",21,"22:30"
"2026-09-27 22:44:13","6008","Subiaco","WA","metro core","Samsung Galaxy S26 5G 256GB","Y","Choose a 2 hour window","SCHEDULED",11.99,"Delivered by 29 September",6.99,"Y","","ON_DEMAND_SCHEDULED","logo-alt",2,"Subiaco WA 6008","primary_20260927_v2.2.0_gha","2026-09-27 22:30","2.2.0","+0930","primary","s26",1,"","",21,"22:30"
"2026-09-27 22:45:11","6030","Clarkson","WA","metro fringe","Samsung Galaxy S26 5G 256GB","Y","Choose a 2 hour window","SCHEDULED",11.99,"Delivered by 29 September",6.99,"Y","","ON_DEMAND_SCHEDULED","logo-alt",2,"Clarkson WA 6030","primary_20260927_v2.2.0_gha","2026-09-27 22:30","2.2.0","+0930","primary","s26",1,"","",21,"22:30"
"2026-09-27 22:44:39","6164","Success","WA","metro fringe","Samsung Galaxy S26 5G 256GB","Y","Choose a 2 hour window","SCHEDULED",11.99,"Delivered by 29 September",6.99,"Y","","ON_DEMAND_SCHEDULED","logo-alt",2,"Success WA 6164","primary_20260927_v2.2.0_gha","2026-09-27 22:30","2.2.0","+0930","primary","s26",1,"","",21,"22:30"
"2026-09-27 22:45:38","6230","Bunbury","WA","regional","Samsung Galaxy S26 5G 256GB","Y","Choose a 2 hour window","SCHEDULED",11.99,"Delivered by 30 September",9.99,"Y","price tie - 3 non-Uber options at $9.99, first in DOM order used","ON_DEMAND_SCHEDULED","logo-alt",4,"Bunbury WA 6230","primary_20260927_v2.2.0_gha","2026-09-27 22:30","2.2.0","+0930","primary","s26",1,"","",21,"22:30"
"2026-09-27 22:45:58","6430","Kalgoorlie","WA","regional","Samsung Galaxy S26 5G 256GB","N","","NONE","","","","N","No available stores found for the given location.","NO_STORE_REPORTED","",0,"Kalgoorlie WA 6430","primary_20260927_v2.2.0_gha","2026-09-27 22:30","2.2.0","+0930","primary","s26",1,"","",21,"22:30"
"2026-09-27 22:46:21","6530","Geraldton","WA","regional","Samsung Galaxy S26 5G 256GB","N","","NONE","","","","N","No available stores found for the given location.","NO_STORE_REPORTED","",0,"Geraldton WA 6530","primary_20260927_v2.2.0_gha","2026-09-27 22:30","2.2.0","+0930","primary","s26",1,"","",21,"22:30"
"2026-09-27 22:46:46","7000","Hobart","TAS","metro core","Samsung Galaxy S26 5G 256GB","Y","Choose a 2 hour window","SCHEDULED",11.99,"Delivered by 30 September",6.99,"Y","","ON_DEMAND_SCHEDULED","logo-alt",4,"Hobart TAS 7000","primary_20260927_v2.2.0_gha","2026-09-27 22:30","2.2.0","+0930","primary","s26",1,"","",21,"22:30"
"2026-09-27 22:47:11","7010","Glenorchy","TAS","metro fringe","Samsung Galaxy S26 5G 256GB","Y","Choose a 2 hour window","SCHEDULED",11.99,"Delivered by 1 October",6.99,"Y","","ON_DEMAND_SCHEDULED","logo-alt",4,"Glenorchy TAS 7010","primary_20260927_v2.2.0_gha","2026-09-27 22:30","2.2.0","+0930","primary","s26",1,"","",21,"22:30"
"2026-09-27 22:47:34","7250","Launceston","TAS","regional","Samsung Galaxy S26 5G 256GB","Y","Choose a 2 hour window","SCHEDULED",11.99,"Delivered by 30 September",6.99,"Y","","ON_DEMAND_SCHEDULED","logo-alt",4,"Launceston TAS 7250","primary_20260927_v2.2.0_gha","2026-09-27 22:30","2.2.0","+0930","primary","s26",1,"","",21,"22:30"
"2026-09-27 22:47:57","7320","Burnie","TAS","regional","Samsung Galaxy S26 5G 256GB","N","","NONE","","Delivered by 30 September",6.99,"N","No on-demand option offered","ON_DEMAND_UNAVAILABLE","",3,"Burnie TAS 7320","primary_20260927_v2.2.0_gha","2026-09-27 22:30","2.2.0","+0930","primary","s26",1,"","",21,"22:30"
"2026-09-27 23:18:47","0800","Darwin City","NT","metro core","Samsung Galaxy S26 5G 256GB","Y","Choose a 2 hour window","SCHEDULED",11.99,"Delivered by 30 September",9.99,"Y","price tie - 3 non-Uber options at $9.99, first in DOM order used","ON_DEMAND_SCHEDULED","logo-alt",4,"Darwin City NT 0800","primary_20260927_v2.2.0_gha","2026-09-27 23:00","2.2.0","+0930","primary","s26",1,"","",22,"23:00"
"2026-09-27 23:19:12","0810","Casuarina","NT","metro fringe","Samsung Galaxy S26 5G 256GB","Y","Choose a 2 hour window","SCHEDULED",11.99,"Delivered by 30 September",9.99,"Y","price tie - 3 non-Uber options at $9.99, first in DOM order used","ON_DEMAND_SCHEDULED","logo-alt",4,"Casuarina NT 0810","primary_20260927_v2.2.0_gha","2026-09-27 23:00","2.2.0","+0930","primary","s26",1,"","",22,"23:00"
"2026-09-27 23:19:34","0870","Alice Springs","NT","regional","Samsung Galaxy S26 5G 256GB","N","","NONE","","","","N","No available stores found for the given location.","NO_STORE_REPORTED","",0,"Alice Springs NT 0870","primary_20260927_v2.2.0_gha","2026-09-27 23:00","2.2.0","+0930","primary","s26",1,"","",22,"23:00"
"2026-09-27 23:00:16","2000","Sydney","NSW","metro core","Samsung Galaxy S26 5G 256GB","Y","Choose a 2 hour window","SCHEDULED",11.99,"Delivered by 29 September",6.99,"Y","","ON_DEMAND_SCHEDULED","logo-alt",2,"Sydney NSW 2000","primary_20260927_v2.2.0_gha","2026-09-27 23:00","2.2.0","+0930","primary","s26",1,"","",22,"23:00"
"2026-09-27 23:00:40","2060","North Sydney","NSW","metro core","Samsung Galaxy S26 5G 256GB","Y","Choose a 2 hour window","SCHEDULED",11.99,"Delivered by 29 September",6.99,"Y","","ON_DEMAND_SCHEDULED","logo-alt",2,"North Sydney NSW 2060","primary_20260927_v2.2.0_gha","2026-09-27 23:00","2.2.0","+0930","primary","s26",1,"","",22,"23:00"
"2026-09-27 23:01:07","2170","Liverpool","NSW","metro fringe","Samsung Galaxy S26 5G 256GB","Y","Choose a 2 hour window","SCHEDULED",11.99,"Delivered by 29 September",6.99,"Y","","ON_DEMAND_SCHEDULED","logo-alt",2,"Liverpool NSW 2170","primary_20260927_v2.2.0_gha","2026-09-27 23:00","2.2.0","+0930","primary","s26",1,"","",22,"23:00"
"2026-09-27 23:01:54","2300","Newcastle","NSW","regional","Samsung Galaxy S26 5G 256GB","Y","Choose a 2 hour window","SCHEDULED",11.99,"Delivered by 2 October",6.99,"Y","","ON_DEMAND_SCHEDULED","logo-alt",4,"Newcastle NSW 2300","primary_20260927_v2.2.0_gha","2026-09-27 23:00","2.2.0","+0930","primary","s26",1,"","",22,"23:00"
"2026-09-27 23:02:42","2480","Lismore","NSW","regional","Samsung Galaxy S26 5G 256GB","N","","NONE","","Delivered by 29 September",9.99,"N","No on-demand option offered; price tie - 3 non-Uber options at $9.99, first in DOM order used","ON_DEMAND_UNAVAILABLE","",3,"Lismore NSW 2480","primary_20260927_v2.2.0_gha","2026-09-27 23:00","2.2.0","+0930","primary","s26",1,"","",22,"23:00"
"2026-09-27 23:18:01","2601","Canberra","ACT","metro core","Samsung Galaxy S26 5G 256GB","Y","Choose a 2 hour window","SCHEDULED",11.99,"Delivered by 1 October",6.99,"Y","","ON_DEMAND_SCHEDULED","logo-alt",4,"Canberra ACT 2601","primary_20260927_v2.2.0_gha","2026-09-27 23:00","2.2.0","+0930","primary","s26",1,"","",22,"23:00"
"2026-09-27 23:02:20","2650","Wagga Wagga","NSW","regional","Samsung Galaxy S26 5G 256GB","Y","Choose a 2 hour window","SCHEDULED",11.99,"Delivered by 29 September",9.99,"Y","price tie - 3 non-Uber options at $9.99, first in DOM order used","ON_DEMAND_SCHEDULED","logo-alt",4,"Wagga Wagga NSW 2650","primary_20260927_v2.2.0_gha","2026-09-27 23:00","2.2.0","+0930","primary","s26",1,"","",22,"23:00"
"2026-09-27 23:01:32","2750","Penrith","NSW","metro fringe","Samsung Galaxy S26 5G 256GB","Y","Choose a 2 hour window","SCHEDULED",11.99,"Delivered by 29 September",6.99,"Y","","ON_DEMAND_SCHEDULED","logo-alt",2,"Penrith NSW 2750","primary_20260927_v2.2.0_gha","2026-09-27 23:00","2.2.0","+0930","primary","s26",1,"","",22,"23:00"
"2026-09-27 23:18:24","2900","Greenway","ACT","metro fringe","Samsung Galaxy S26 5G 256GB","Y","Choose a 2 hour window","SCHEDULED",11.99,"Delivered by 1 October",6.99,"Y","","ON_DEMAND_SCHEDULED","logo-alt",4,"Greenway ACT 2900","primary_20260927_v2.2.0_gha","2026-09-27 23:00","2.2.0","+0930","primary","s26",1,"","",22,"23:00"
"2026-09-27 23:03:07","3000","Melbourne","VIC","metro core","Samsung Galaxy S26 5G 256GB","Y","Choose a 2 hour window","SCHEDULED",11.99,"Delivered by 29 September",6.99,"Y","","ON_DEMAND_SCHEDULED","logo-alt",2,"Melbourne VIC 3000","primary_20260927_v2.2.0_gha","2026-09-27 23:00","2.2.0","+0930","primary","s26",1,"","",22,"23:00"
"2026-09-27 23:03:54","3030","Point Cook","VIC","metro fringe","Samsung Galaxy S26 5G 256GB","Y","Choose a 2 hour window","SCHEDULED",11.99,"Delivered by 29 September",6.99,"Y","","ON_DEMAND_SCHEDULED","logo-alt",2,"Point Cook VIC 3030","primary_20260927_v2.2.0_gha","2026-09-27 23:00","2.2.0","+0930","primary","s26",1,"","",22,"23:00"
"2026-09-27 23:03:33","3121","Richmond","VIC","metro core","Samsung Galaxy S26 5G 256GB","Y","Choose a 2 hour window","SCHEDULED",11.99,"Delivered by 29 September",6.99,"Y","","ON_DEMAND_SCHEDULED","logo-alt",2,"Richmond VIC 3121","primary_20260927_v2.2.0_gha","2026-09-27 23:00","2.2.0","+0930","primary","s26",1,"","",22,"23:00"
"2026-09-27 23:04:20","3175","Dandenong","VIC","metro fringe","Samsung Galaxy S26 5G 256GB","Y","Choose a 2 hour window","SCHEDULED",11.99,"Delivered by 29 September",6.99,"Y","","ON_DEMAND_SCHEDULED","logo-alt",2,"Dandenong VIC 3175","primary_20260927_v2.2.0_gha","2026-09-27 23:00","2.2.0","+0930","primary","s26",1,"","",22,"23:00"
"2026-09-27 23:04:44","3220","Geelong","VIC","regional","Samsung Galaxy S26 5G 256GB","Y","Choose a 2 hour window","SCHEDULED",11.99,"Delivered by 29 September",6.99,"Y","","ON_DEMAND_SCHEDULED","logo-alt",2,"Geelong VIC 3220","primary_20260927_v2.2.0_gha","2026-09-27 23:00","2.2.0","+0930","primary","s26",1,"","",22,"23:00"
"2026-09-27 23:05:36","3350","Ballarat","VIC","regional","Samsung Galaxy S26 5G 256GB","Y","Choose a 2 hour window","SCHEDULED",11.99,"Delivered by 1 October",5.99,"Y","","ON_DEMAND_SCHEDULED","logo-alt",4,"Ballarat VIC 3350","primary_20260927_v2.2.0_gha","2026-09-27 23:00","2.2.0","+0930","primary","s26",1,"","",22,"23:00"
"2026-09-27 23:05:11","3550","Bendigo","VIC","regional","Samsung Galaxy S26 5G 256GB","Y","Choose a 2 hour window","SCHEDULED",11.99,"Delivered by 29 September",9.99,"Y","price tie - 3 non-Uber options at $9.99, first in DOM order used","ON_DEMAND_SCHEDULED","logo-alt",4,"Bendigo VIC 3550","primary_20260927_v2.2.0_gha","2026-09-27 23:00","2.2.0","+0930","primary","s26",1,"","",22,"23:00"
"2026-09-27 23:06:03","4000","Brisbane City","QLD","metro core","Samsung Galaxy S26 5G 256GB","Y","Choose a 2 hour window","SCHEDULED",11.99,"Delivered by 29 September",6.99,"Y","","ON_DEMAND_SCHEDULED","logo-alt",2,"Brisbane City QLD 4000","primary_20260927_v2.2.0_gha","2026-09-27 23:00","2.2.0","+0930","primary","s26",1,"","",22,"23:00"
"2026-09-27 23:06:30","4006","Fortitude Valley","QLD","metro core","Samsung Galaxy S26 5G 256GB","Y","Choose a 2 hour window","SCHEDULED",11.99,"Delivered by 29 September",6.99,"Y","","ON_DEMAND_SCHEDULED","logo-alt",2,"Fortitude Valley QLD 4006","primary_20260927_v2.2.0_gha","2026-09-27 23:00","2.2.0","+0930","primary","s26",1,"","",22,"23:00"
"2026-09-27 23:07:20","4178","Wynnum","QLD","metro fringe","Samsung Galaxy S26 5G 256GB","Y","Choose a 2 hour window","SCHEDULED",11.99,"Delivered by 29 September",6.99,"Y","","ON_DEMAND_SCHEDULED","logo-alt",2,"Wynnum QLD 4178","primary_20260927_v2.2.0_gha","2026-09-27 23:00","2.2.0","+0930","primary","s26",1,"","",22,"23:00"
"2026-09-27 23:06:54","4300","Springfield","QLD","metro fringe","Samsung Galaxy S26 5G 256GB","Y","Choose a 2 hour window","SCHEDULED",11.99,"Delivered by 29 September",6.99,"Y","","ON_DEMAND_SCHEDULED","logo-alt",2,"Springfield QLD 4300","primary_20260927_v2.2.0_gha","2026-09-27 23:00","2.2.0","+0930","primary","s26",1,"","",22,"23:00"
"2026-09-27 23:07:44","4350","Toowoomba City","QLD","regional","Samsung Galaxy S26 5G 256GB","Y","Choose a 2 hour window","SCHEDULED",11.99,"Delivered by 29 September",9.99,"Y","price tie - 3 non-Uber options at $9.99, first in DOM order used","ON_DEMAND_SCHEDULED","logo-alt",4,"Toowoomba City QLD 4350","primary_20260927_v2.2.0_gha","2026-09-27 23:00","2.2.0","+0930","primary","s26",1,"","",22,"23:00"
"2026-09-27 23:08:07","4740","Mackay","QLD","regional","Samsung Galaxy S26 5G 256GB","N","","NONE","","Delivered by 29 September",9.99,"N","No on-demand option offered; price tie - 3 non-Uber options at $9.99, first in DOM order used","ON_DEMAND_UNAVAILABLE","",3,"Mackay QLD 4740","primary_20260927_v2.2.0_gha","2026-09-27 23:00","2.2.0","+0930","primary","s26",1,"","",22,"23:00"
"2026-09-27 23:08:31","4870","Cairns","QLD","regional","Samsung Galaxy S26 5G 256GB","Y","Choose a 2 hour window","SCHEDULED",11.99,"Delivered by 29 September",9.99,"Y","price tie - 3 non-Uber options at $9.99, first in DOM order used","ON_DEMAND_SCHEDULED","logo-alt",4,"Cairns QLD 4870","primary_20260927_v2.2.0_gha","2026-09-27 23:00","2.2.0","+0930","primary","s26",1,"","",22,"23:00"
"2026-09-27 23:09:00","5000","Adelaide","SA","metro core","Samsung Galaxy S26 5G 256GB","Y","Choose a 2 hour window","SCHEDULED",11.99,"Delivered by 29 September",6.99,"Y","","ON_DEMAND_SCHEDULED","logo-alt",2,"Adelaide SA 5000","primary_20260927_v2.2.0_gha","2026-09-27 23:00","2.2.0","+0930","primary","s26",1,"","",22,"23:00"
"2026-09-27 23:10:13","5022","Grange","SA","metro fringe","Samsung Galaxy S26 5G 256GB","Y","Choose a 2 hour window","SCHEDULED",11.99,"Delivered by 29 September",6.99,"Y","","ON_DEMAND_SCHEDULED","logo-alt",2,"Grange SA 5022","primary_20260927_v2.2.0_gha","2026-09-27 23:00","2.2.0","+0930","primary","s26",1,"","",22,"23:00"
"2026-09-27 23:09:49","5034","Millswood","SA","metro core","Samsung Galaxy S26 5G 256GB","Y","Choose a 2 hour window","SCHEDULED",11.99,"Delivered by 29 September",6.99,"Y","","ON_DEMAND_SCHEDULED","logo-alt",2,"Millswood SA 5034","primary_20260927_v2.2.0_gha","2026-09-27 23:00","2.2.0","+0930","primary","s26",1,"","",22,"23:00"
"2026-09-27 23:09:26","5067","Norwood","SA","metro core","Samsung Galaxy S26 5G 256GB","Y","Choose a 2 hour window","SCHEDULED",11.99,"Delivered by 29 September",6.99,"Y","","ON_DEMAND_SCHEDULED","logo-alt",2,"Norwood SA 5067","primary_20260927_v2.2.0_gha","2026-09-27 23:00","2.2.0","+0930","primary","s26",1,"","",22,"23:00"
"2026-09-27 23:11:25","5095","Mawson Lakes","SA","metro fringe","Samsung Galaxy S26 5G 256GB","Y","Choose a 2 hour window","SCHEDULED",11.99,"Delivered by 29 September",6.99,"Y","","ON_DEMAND_SCHEDULED","logo-alt",2,"Mawson Lakes SA 5095","primary_20260927_v2.2.0_gha","2026-09-27 23:00","2.2.0","+0930","primary","s26",1,"","",22,"23:00"
"2026-09-27 23:10:35","5108","Salisbury","SA","metro fringe","Samsung Galaxy S26 5G 256GB","Y","Choose a 2 hour window","SCHEDULED",11.99,"Delivered by 29 September",6.99,"Y","","ON_DEMAND_SCHEDULED","logo-alt",2,"Salisbury SA 5108","primary_20260927_v2.2.0_gha","2026-09-27 23:00","2.2.0","+0930","primary","s26",1,"","",22,"23:00"
"2026-09-27 23:11:50","5114","Smithfield","SA","outer metro","Samsung Galaxy S26 5G 256GB","Y","Choose a 2 hour window","SCHEDULED",11.99,"Delivered by 29 September",6.99,"Y","","ON_DEMAND_SCHEDULED","logo-alt",2,"Smithfield SA 5114","primary_20260927_v2.2.0_gha","2026-09-27 23:00","2.2.0","+0930","primary","s26",1,"","",22,"23:00"
"2026-09-27 23:10:59","5162","Morphett Vale","SA","metro fringe","Samsung Galaxy S26 5G 256GB","Y","Choose a 2 hour window","SCHEDULED",11.99,"Delivered by 29 September",6.99,"Y","","ON_DEMAND_SCHEDULED","logo-alt",2,"Morphett Vale SA 5162","primary_20260927_v2.2.0_gha","2026-09-27 23:00","2.2.0","+0930","primary","s26",1,"","",22,"23:00"
"2026-09-27 23:12:15","5251","Mount Barker","SA","outer metro","Samsung Galaxy S26 5G 256GB","N","","NONE","","Delivered by 29 September",9.99,"N","No on-demand option offered; price tie - 3 non-Uber options at $9.99, first in DOM order used","ON_DEMAND_UNAVAILABLE","",3,"Mount Barker SA 5251","primary_20260927_v2.2.0_gha","2026-09-27 23:00","2.2.0","+0930","primary","s26",1,"","",22,"23:00"
"2026-09-27 23:12:41","5290","Mount Gambier","SA","regional","Samsung Galaxy S26 5G 256GB","N","","NONE","","Delivered by 29 September",9.99,"N","No on-demand option offered; price tie - 3 non-Uber options at $9.99, first in DOM order used","ON_DEMAND_UNAVAILABLE","",3,"Mount Gambier SA 5290","primary_20260927_v2.2.0_gha","2026-09-27 23:00","2.2.0","+0930","primary","s26",1,"","",22,"23:00"
"2026-09-27 23:13:21","5606","Port Lincoln","SA","regional","Samsung Galaxy S26 5G 256GB","N","","NONE","","","","N","No available stores found for the given location.","NO_STORE_REPORTED","",0,"Port Lincoln SA 5606","primary_20260927_v2.2.0_gha","2026-09-27 23:00","2.2.0","+0930","primary","s26",1,"","",22,"23:00"
"2026-09-27 23:13:01","5700","Port Augusta","SA","regional","Samsung Galaxy S26 5G 256GB","N","","NONE","","","","N","No available stores found for the given location.","NO_STORE_REPORTED","",0,"Port Augusta SA 5700","primary_20260927_v2.2.0_gha","2026-09-27 23:00","2.2.0","+0930","primary","s26",1,"","",22,"23:00"
"2026-09-27 23:13:44","6000","Perth","WA","metro core","Samsung Galaxy S26 5G 256GB","Y","Choose a 2 hour window","SCHEDULED",11.99,"Delivered by 29 September",6.99,"Y","","ON_DEMAND_SCHEDULED","logo-alt",2,"Perth WA 6000","primary_20260927_v2.2.0_gha","2026-09-27 23:00","2.2.0","+0930","primary","s26",1,"","",22,"23:00"
"2026-09-27 23:14:07","6008","Subiaco","WA","metro core","Samsung Galaxy S26 5G 256GB","Y","Choose a 2 hour window","SCHEDULED",11.99,"Delivered by 29 September",6.99,"Y","","ON_DEMAND_SCHEDULED","logo-alt",2,"Subiaco WA 6008","primary_20260927_v2.2.0_gha","2026-09-27 23:00","2.2.0","+0930","primary","s26",1,"","",22,"23:00"
"2026-09-27 23:14:57","6030","Clarkson","WA","metro fringe","Samsung Galaxy S26 5G 256GB","Y","Choose a 2 hour window","SCHEDULED",11.99,"Delivered by 29 September",6.99,"Y","","ON_DEMAND_SCHEDULED","logo-alt",2,"Clarkson WA 6030","primary_20260927_v2.2.0_gha","2026-09-27 23:00","2.2.0","+0930","primary","s26",1,"","",22,"23:00"
"2026-09-27 23:14:33","6164","Success","WA","metro fringe","Samsung Galaxy S26 5G 256GB","Y","Choose a 2 hour window","SCHEDULED",11.99,"Delivered by 29 September",6.99,"Y","","ON_DEMAND_SCHEDULED","logo-alt",2,"Success WA 6164","primary_20260927_v2.2.0_gha","2026-09-27 23:00","2.2.0","+0930","primary","s26",1,"","",22,"23:00"
"2026-09-27 23:15:24","6230","Bunbury","WA","regional","Samsung Galaxy S26 5G 256GB","Y","Choose a 2 hour window","SCHEDULED",11.99,"Delivered by 30 September",9.99,"Y","price tie - 3 non-Uber options at $9.99, first in DOM order used","ON_DEMAND_SCHEDULED","logo-alt",4,"Bunbury WA 6230","primary_20260927_v2.2.0_gha","2026-09-27 23:00","2.2.0","+0930","primary","s26",1,"","",22,"23:00"
"2026-09-27 23:15:47","6430","Kalgoorlie","WA","regional","Samsung Galaxy S26 5G 256GB","N","","NONE","","","","N","No available stores found for the given location.","NO_STORE_REPORTED","",0,"Kalgoorlie WA 6430","primary_20260927_v2.2.0_gha","2026-09-27 23:00","2.2.0","+0930","primary","s26",1,"","",22,"23:00"
"2026-09-27 23:16:07","6530","Geraldton","WA","regional","Samsung Galaxy S26 5G 256GB","N","","NONE","","","","N","No available stores found for the given location.","NO_STORE_REPORTED","",0,"Geraldton WA 6530","primary_20260927_v2.2.0_gha","2026-09-27 23:00","2.2.0","+0930","primary","s26",1,"","",22,"23:00"
"2026-09-27 23:16:29","7000","Hobart","TAS","metro core","Samsung Galaxy S26 5G 256GB","Y","Choose a 2 hour window","SCHEDULED",11.99,"Delivered by 30 September",6.99,"Y","","ON_DEMAND_SCHEDULED","logo-alt",4,"Hobart TAS 7000","primary_20260927_v2.2.0_gha","2026-09-27 23:00","2.2.0","+0930","primary","s26",1,"","",22,"23:00"
"2026-09-27 23:16:51","7010","Glenorchy","TAS","metro fringe","Samsung Galaxy S26 5G 256GB","Y","Choose a 2 hour window","SCHEDULED",11.99,"Delivered by 1 October",6.99,"Y","","ON_DEMAND_SCHEDULED","logo-alt",4,"Glenorchy TAS 7010","primary_20260927_v2.2.0_gha","2026-09-27 23:00","2.2.0","+0930","primary","s26",1,"","",22,"23:00"
"2026-09-27 23:17:15","7250","Launceston","TAS","regional","Samsung Galaxy S26 5G 256GB","Y","Choose a 2 hour window","SCHEDULED",11.99,"Delivered by 30 September",6.99,"Y","","ON_DEMAND_SCHEDULED","logo-alt",4,"Launceston TAS 7250","primary_20260927_v2.2.0_gha","2026-09-27 23:00","2.2.0","+0930","primary","s26",1,"","",22,"23:00"
"2026-09-27 23:17:38","7320","Burnie","TAS","regional","Samsung Galaxy S26 5G 256GB","N","","NONE","","Delivered by 30 September",6.99,"N","No on-demand option offered","ON_DEMAND_UNAVAILABLE","",3,"Burnie TAS 7320","primary_20260927_v2.2.0_gha","2026-09-27 23:00","2.2.0","+0930","primary","s26",1,"","",22,"23:00"
"2026-09-28 00:18:55","0800","Darwin City","NT","metro core","Samsung Galaxy S26 5G 256GB","Y","Choose a 2 hour window","SCHEDULED",11.99,"Delivered by 30 September",9.99,"Y","price tie - 3 non-Uber options at $9.99, first in DOM order used","ON_DEMAND_SCHEDULED","logo-alt",4,"Darwin City NT 0800","primary_20260927_v2.2.0_gha","2026-09-28 00:00","2.2.0","+0930","primary","s26",1,"","",23,"00:00"
"2026-09-28 00:19:20","0810","Casuarina","NT","metro fringe","Samsung Galaxy S26 5G 256GB","Y","Choose a 2 hour window","SCHEDULED",11.99,"Delivered by 30 September",9.99,"Y","price tie - 3 non-Uber options at $9.99, first in DOM order used","ON_DEMAND_SCHEDULED","logo-alt",4,"Casuarina NT 0810","primary_20260927_v2.2.0_gha","2026-09-28 00:00","2.2.0","+0930","primary","s26",1,"","",23,"00:00"
"2026-09-28 00:19:43","0870","Alice Springs","NT","regional","Samsung Galaxy S26 5G 256GB","N","","NONE","","","","N","No available stores found for the given location.","NO_STORE_REPORTED","",0,"Alice Springs NT 0870","primary_20260927_v2.2.0_gha","2026-09-28 00:00","2.2.0","+0930","primary","s26",1,"","",23,"00:00"
"2026-09-28 00:00:15","2000","Sydney","NSW","metro core","Samsung Galaxy S26 5G 256GB","Y","Choose a 2 hour window","SCHEDULED",11.99,"Delivered tomorrow",6.99,"Y","","ON_DEMAND_SCHEDULED","logo-alt",2,"Sydney NSW 2000","primary_20260927_v2.2.0_gha","2026-09-28 00:00","2.2.0","+0930","primary","s26",1,"","",23,"00:00"
"2026-09-28 00:00:39","2060","North Sydney","NSW","metro core","Samsung Galaxy S26 5G 256GB","Y","Choose a 2 hour window","SCHEDULED",11.99,"Delivered tomorrow",6.99,"Y","","ON_DEMAND_SCHEDULED","logo-alt",2,"North Sydney NSW 2060","primary_20260927_v2.2.0_gha","2026-09-28 00:00","2.2.0","+0930","primary","s26",1,"","",23,"00:00"
"2026-09-28 00:01:06","2170","Liverpool","NSW","metro fringe","Samsung Galaxy S26 5G 256GB","Y","Choose a 2 hour window","SCHEDULED",11.99,"Delivered tomorrow",6.99,"Y","","ON_DEMAND_SCHEDULED","logo-alt",2,"Liverpool NSW 2170","primary_20260927_v2.2.0_gha","2026-09-28 00:00","2.2.0","+0930","primary","s26",1,"","",23,"00:00"
"2026-09-28 00:01:54","2300","Newcastle","NSW","regional","Samsung Galaxy S26 5G 256GB","Y","Choose a 2 hour window","SCHEDULED",11.99,"Delivered by 2 October",6.99,"Y","","ON_DEMAND_SCHEDULED","logo-alt",4,"Newcastle NSW 2300","primary_20260927_v2.2.0_gha","2026-09-28 00:00","2.2.0","+0930","primary","s26",1,"","",23,"00:00"
"2026-09-28 00:02:46","2480","Lismore","NSW","regional","Samsung Galaxy S26 5G 256GB","N","","NONE","","Delivered by 29 September",9.99,"N","No on-demand option offered; price tie - 3 non-Uber options at $9.99, first in DOM order used","ON_DEMAND_UNAVAILABLE","",3,"Lismore NSW 2480","primary_20260927_v2.2.0_gha","2026-09-28 00:00","2.2.0","+0930","primary","s26",1,"","",23,"00:00"
"2026-09-28 00:18:07","2601","Canberra","ACT","metro core","Samsung Galaxy S26 5G 256GB","Y","Choose a 2 hour window","SCHEDULED",11.99,"Delivered by 30 September",6.99,"Y","","ON_DEMAND_SCHEDULED","logo-alt",4,"Canberra ACT 2601","primary_20260927_v2.2.0_gha","2026-09-28 00:00","2.2.0","+0930","primary","s26",1,"","",23,"00:00"
"2026-09-28 00:02:19","2650","Wagga Wagga","NSW","regional","Samsung Galaxy S26 5G 256GB","Y","Choose a 2 hour window","SCHEDULED",11.99,"Delivered by 29 September",9.99,"Y","price tie - 3 non-Uber options at $9.99, first in DOM order used","ON_DEMAND_SCHEDULED","logo-alt",4,"Wagga Wagga NSW 2650","primary_20260927_v2.2.0_gha","2026-09-28 00:00","2.2.0","+0930","primary","s26",1,"","",23,"00:00"
"2026-09-28 00:01:28","2750","Penrith","NSW","metro fringe","Samsung Galaxy S26 5G 256GB","Y","Choose a 2 hour window","SCHEDULED",11.99,"Delivered tomorrow",6.99,"Y","","ON_DEMAND_SCHEDULED","logo-alt",2,"Penrith NSW 2750","primary_20260927_v2.2.0_gha","2026-09-28 00:00","2.2.0","+0930","primary","s26",1,"","",23,"00:00"
"2026-09-28 00:18:29","2900","Greenway","ACT","metro fringe","Samsung Galaxy S26 5G 256GB","Y","Choose a 2 hour window","SCHEDULED",11.99,"Delivered by 30 September",6.99,"Y","","ON_DEMAND_SCHEDULED","logo-alt",4,"Greenway ACT 2900","primary_20260927_v2.2.0_gha","2026-09-28 00:00","2.2.0","+0930","primary","s26",1,"","",23,"00:00"
"2026-09-28 00:03:07","3000","Melbourne","VIC","metro core","Samsung Galaxy S26 5G 256GB","Y","Choose a 2 hour window","SCHEDULED",11.99,"Delivered tomorrow",6.99,"Y","","ON_DEMAND_SCHEDULED","logo-alt",2,"Melbourne VIC 3000","primary_20260927_v2.2.0_gha","2026-09-28 00:00","2.2.0","+0930","primary","s26",1,"","",23,"00:00"
"2026-09-28 00:03:50","3030","Point Cook","VIC","metro fringe","Samsung Galaxy S26 5G 256GB","Y","Choose a 2 hour window","SCHEDULED",11.99,"Delivered tomorrow",6.99,"Y","","ON_DEMAND_SCHEDULED","logo-alt",2,"Point Cook VIC 3030","primary_20260927_v2.2.0_gha","2026-09-28 00:00","2.2.0","+0930","primary","s26",1,"","",23,"00:00"
"2026-09-28 00:03:27","3121","Richmond","VIC","metro core","Samsung Galaxy S26 5G 256GB","Y","Choose a 2 hour window","SCHEDULED",11.99,"Delivered tomorrow",6.99,"Y","","ON_DEMAND_SCHEDULED","logo-alt",2,"Richmond VIC 3121","primary_20260927_v2.2.0_gha","2026-09-28 00:00","2.2.0","+0930","primary","s26",1,"","",23,"00:00"
"2026-09-28 00:04:13","3175","Dandenong","VIC","metro fringe","Samsung Galaxy S26 5G 256GB","Y","Choose a 2 hour window","SCHEDULED",11.99,"Delivered tomorrow",6.99,"Y","","ON_DEMAND_SCHEDULED","logo-alt",2,"Dandenong VIC 3175","primary_20260927_v2.2.0_gha","2026-09-28 00:00","2.2.0","+0930","primary","s26",1,"","",23,"00:00"
"2026-09-28 00:04:38","3220","Geelong","VIC","regional","Samsung Galaxy S26 5G 256GB","Y","Choose a 2 hour window","SCHEDULED",11.99,"Delivered tomorrow",6.99,"Y","","ON_DEMAND_SCHEDULED","logo-alt",2,"Geelong VIC 3220","primary_20260927_v2.2.0_gha","2026-09-28 00:00","2.2.0","+0930","primary","s26",1,"","",23,"00:00"
"2026-09-28 00:05:25","3350","Ballarat","VIC","regional","Samsung Galaxy S26 5G 256GB","Y","Choose a 2 hour window","SCHEDULED",11.99,"Delivered by 30 September",5.99,"Y","","ON_DEMAND_SCHEDULED","logo-alt",4,"Ballarat VIC 3350","primary_20260927_v2.2.0_gha","2026-09-28 00:00","2.2.0","+0930","primary","s26",1,"","",23,"00:00"
"2026-09-28 00:05:00","3550","Bendigo","VIC","regional","Samsung Galaxy S26 5G 256GB","Y","Choose a 2 hour window","SCHEDULED",11.99,"Delivered by 29 September",9.99,"Y","price tie - 3 non-Uber options at $9.99, first in DOM order used","ON_DEMAND_SCHEDULED","logo-alt",4,"Bendigo VIC 3550","primary_20260927_v2.2.0_gha","2026-09-28 00:00","2.2.0","+0930","primary","s26",1,"","",23,"00:00"
"2026-09-28 00:05:52","4000","Brisbane City","QLD","metro core","Samsung Galaxy S26 5G 256GB","Y","Choose a 2 hour window","SCHEDULED",11.99,"Delivered tomorrow",6.99,"Y","","ON_DEMAND_SCHEDULED","logo-alt",2,"Brisbane City QLD 4000","primary_20260927_v2.2.0_gha","2026-09-28 00:00","2.2.0","+0930","primary","s26",1,"","",23,"00:00"
"2026-09-28 00:06:17","4006","Fortitude Valley","QLD","metro core","Samsung Galaxy S26 5G 256GB","Y","Choose a 2 hour window","SCHEDULED",11.99,"Delivered tomorrow",6.99,"Y","","ON_DEMAND_SCHEDULED","logo-alt",2,"Fortitude Valley QLD 4006","primary_20260927_v2.2.0_gha","2026-09-28 00:00","2.2.0","+0930","primary","s26",1,"","",23,"00:00"
"2026-09-28 00:07:07","4178","Wynnum","QLD","metro fringe","Samsung Galaxy S26 5G 256GB","Y","Choose a 2 hour window","SCHEDULED",11.99,"Delivered tomorrow",6.99,"Y","","ON_DEMAND_SCHEDULED","logo-alt",2,"Wynnum QLD 4178","primary_20260927_v2.2.0_gha","2026-09-28 00:00","2.2.0","+0930","primary","s26",1,"","",23,"00:00"
"2026-09-28 00:06:41","4300","Springfield","QLD","metro fringe","Samsung Galaxy S26 5G 256GB","Y","Choose a 2 hour window","SCHEDULED",11.99,"Delivered tomorrow",6.99,"Y","","ON_DEMAND_SCHEDULED","logo-alt",2,"Springfield QLD 4300","primary_20260927_v2.2.0_gha","2026-09-28 00:00","2.2.0","+0930","primary","s26",1,"","",23,"00:00"
"2026-09-28 00:07:35","4350","Toowoomba City","QLD","regional","Samsung Galaxy S26 5G 256GB","Y","Choose a 2 hour window","SCHEDULED",11.99,"Delivered by 29 September",9.99,"Y","price tie - 3 non-Uber options at $9.99, first in DOM order used","ON_DEMAND_SCHEDULED","logo-alt",4,"Toowoomba City QLD 4350","primary_20260927_v2.2.0_gha","2026-09-28 00:00","2.2.0","+0930","primary","s26",1,"","",23,"00:00"
"2026-09-28 00:07:57","4740","Mackay","QLD","regional","Samsung Galaxy S26 5G 256GB","N","","NONE","","Delivered by 29 September",9.99,"N","No on-demand option offered; price tie - 3 non-Uber options at $9.99, first in DOM order used","ON_DEMAND_UNAVAILABLE","",3,"Mackay QLD 4740","primary_20260927_v2.2.0_gha","2026-09-28 00:00","2.2.0","+0930","primary","s26",1,"","",23,"00:00"
"2026-09-28 00:08:22","4870","Cairns","QLD","regional","Samsung Galaxy S26 5G 256GB","Y","Choose a 2 hour window","SCHEDULED",11.99,"Delivered by 29 September",9.99,"Y","price tie - 3 non-Uber options at $9.99, first in DOM order used","ON_DEMAND_SCHEDULED","logo-alt",4,"Cairns QLD 4870","primary_20260927_v2.2.0_gha","2026-09-28 00:00","2.2.0","+0930","primary","s26",1,"","",23,"00:00"
"2026-09-28 00:08:45","5000","Adelaide","SA","metro core","Samsung Galaxy S26 5G 256GB","Y","Choose a 2 hour window","SCHEDULED",11.99,"Delivered tomorrow",6.99,"Y","","ON_DEMAND_SCHEDULED","logo-alt",2,"Adelaide SA 5000","primary_20260927_v2.2.0_gha","2026-09-28 00:00","2.2.0","+0930","primary","s26",1,"","",23,"00:00"
"2026-09-28 00:10:05","5022","Grange","SA","metro fringe","Samsung Galaxy S26 5G 256GB","Y","Choose a 2 hour window","SCHEDULED",11.99,"Delivered tomorrow",6.99,"Y","","ON_DEMAND_SCHEDULED","logo-alt",2,"Grange SA 5022","primary_20260927_v2.2.0_gha","2026-09-28 00:00","2.2.0","+0930","primary","s26",1,"","",23,"00:00"
"2026-09-28 00:09:42","5034","Millswood","SA","metro core","Samsung Galaxy S26 5G 256GB","Y","Choose a 2 hour window","SCHEDULED",11.99,"Delivered tomorrow",6.99,"Y","","ON_DEMAND_SCHEDULED","logo-alt",2,"Millswood SA 5034","primary_20260927_v2.2.0_gha","2026-09-28 00:00","2.2.0","+0930","primary","s26",1,"","",23,"00:00"
"2026-09-28 00:09:12","5067","Norwood","SA","metro core","Samsung Galaxy S26 5G 256GB","Y","Choose a 2 hour window","SCHEDULED",11.99,"Delivered tomorrow",6.99,"Y","","ON_DEMAND_SCHEDULED","logo-alt",2,"Norwood SA 5067","primary_20260927_v2.2.0_gha","2026-09-28 00:00","2.2.0","+0930","primary","s26",1,"","",23,"00:00"
"2026-09-28 00:11:22","5095","Mawson Lakes","SA","metro fringe","Samsung Galaxy S26 5G 256GB","Y","Choose a 2 hour window","SCHEDULED",11.99,"Delivered tomorrow",6.99,"Y","","ON_DEMAND_SCHEDULED","logo-alt",2,"Mawson Lakes SA 5095","primary_20260927_v2.2.0_gha","2026-09-28 00:00","2.2.0","+0930","primary","s26",1,"","",23,"00:00"
"2026-09-28 00:10:35","5108","Salisbury","SA","metro fringe","Samsung Galaxy S26 5G 256GB","Y","Choose a 2 hour window","SCHEDULED",11.99,"Delivered tomorrow",6.99,"Y","","ON_DEMAND_SCHEDULED","logo-alt",2,"Salisbury SA 5108","primary_20260927_v2.2.0_gha","2026-09-28 00:00","2.2.0","+0930","primary","s26",1,"","",23,"00:00"
"2026-09-28 00:11:45","5114","Smithfield","SA","outer metro","Samsung Galaxy S26 5G 256GB","Y","Choose a 2 hour window","SCHEDULED",11.99,"Delivered tomorrow",6.99,"Y","","ON_DEMAND_SCHEDULED","logo-alt",2,"Smithfield SA 5114","primary_20260927_v2.2.0_gha","2026-09-28 00:00","2.2.0","+0930","primary","s26",1,"","",23,"00:00"
"2026-09-28 00:11:00","5162","Morphett Vale","SA","metro fringe","Samsung Galaxy S26 5G 256GB","Y","Choose a 2 hour window","SCHEDULED",11.99,"Delivered tomorrow",6.99,"Y","","ON_DEMAND_SCHEDULED","logo-alt",2,"Morphett Vale SA 5162","primary_20260927_v2.2.0_gha","2026-09-28 00:00","2.2.0","+0930","primary","s26",1,"","",23,"00:00"
"2026-09-28 00:12:09","5251","Mount Barker","SA","outer metro","Samsung Galaxy S26 5G 256GB","N","","NONE","","Delivered by 29 September",9.99,"N","No on-demand option offered; price tie - 3 non-Uber options at $9.99, first in DOM order used","ON_DEMAND_UNAVAILABLE","",3,"Mount Barker SA 5251","primary_20260927_v2.2.0_gha","2026-09-28 00:00","2.2.0","+0930","primary","s26",1,"","",23,"00:00"
"2026-09-28 00:12:35","5290","Mount Gambier","SA","regional","Samsung Galaxy S26 5G 256GB","N","","NONE","","Delivered by 29 September",9.99,"N","No on-demand option offered; price tie - 3 non-Uber options at $9.99, first in DOM order used","ON_DEMAND_UNAVAILABLE","",3,"Mount Gambier SA 5290","primary_20260927_v2.2.0_gha","2026-09-28 00:00","2.2.0","+0930","primary","s26",1,"","",23,"00:00"
"2026-09-28 00:13:18","5606","Port Lincoln","SA","regional","Samsung Galaxy S26 5G 256GB","N","","NONE","","","","N","No available stores found for the given location.","NO_STORE_REPORTED","",0,"Port Lincoln SA 5606","primary_20260927_v2.2.0_gha","2026-09-28 00:00","2.2.0","+0930","primary","s26",1,"","",23,"00:00"
"2026-09-28 00:12:55","5700","Port Augusta","SA","regional","Samsung Galaxy S26 5G 256GB","N","","NONE","","","","N","No available stores found for the given location.","NO_STORE_REPORTED","",0,"Port Augusta SA 5700","primary_20260927_v2.2.0_gha","2026-09-28 00:00","2.2.0","+0930","primary","s26",1,"","",23,"00:00"
"2026-09-28 00:13:41","6000","Perth","WA","metro core","Samsung Galaxy S26 5G 256GB","Y","Choose a 2 hour window","SCHEDULED",11.99,"Delivered by 29 September",6.99,"Y","","ON_DEMAND_SCHEDULED","logo-alt",2,"Perth WA 6000","primary_20260927_v2.2.0_gha","2026-09-28 00:00","2.2.0","+0930","primary","s26",1,"","",23,"00:00"
"2026-09-28 00:14:10","6008","Subiaco","WA","metro core","Samsung Galaxy S26 5G 256GB","Y","Choose a 2 hour window","SCHEDULED",11.99,"Delivered by 29 September",6.99,"Y","","ON_DEMAND_SCHEDULED","logo-alt",2,"Subiaco WA 6008","primary_20260927_v2.2.0_gha","2026-09-28 00:00","2.2.0","+0930","primary","s26",1,"","",23,"00:00"
"2026-09-28 00:14:58","6030","Clarkson","WA","metro fringe","Samsung Galaxy S26 5G 256GB","Y","Choose a 2 hour window","SCHEDULED",11.99,"Delivered by 29 September",6.99,"Y","","ON_DEMAND_SCHEDULED","logo-alt",2,"Clarkson WA 6030","primary_20260927_v2.2.0_gha","2026-09-28 00:00","2.2.0","+0930","primary","s26",1,"","",23,"00:00"
"2026-09-28 00:14:34","6164","Success","WA","metro fringe","Samsung Galaxy S26 5G 256GB","Y","Choose a 2 hour window","SCHEDULED",11.99,"Delivered by 29 September",6.99,"Y","","ON_DEMAND_SCHEDULED","logo-alt",2,"Success WA 6164","primary_20260927_v2.2.0_gha","2026-09-28 00:00","2.2.0","+0930","primary","s26",1,"","",23,"00:00"
"2026-09-28 00:15:22","6230","Bunbury","WA","regional","Samsung Galaxy S26 5G 256GB","Y","Choose a 2 hour window","SCHEDULED",11.99,"Delivered by 30 September",9.99,"Y","price tie - 3 non-Uber options at $9.99, first in DOM order used","ON_DEMAND_SCHEDULED","logo-alt",4,"Bunbury WA 6230","primary_20260927_v2.2.0_gha","2026-09-28 00:00","2.2.0","+0930","primary","s26",1,"","",23,"00:00"
"2026-09-28 00:15:43","6430","Kalgoorlie","WA","regional","Samsung Galaxy S26 5G 256GB","N","","NONE","","","","N","No available stores found for the given location.","NO_STORE_REPORTED","",0,"Kalgoorlie WA 6430","primary_20260927_v2.2.0_gha","2026-09-28 00:00","2.2.0","+0930","primary","s26",1,"","",23,"00:00"
"2026-09-28 00:16:05","6530","Geraldton","WA","regional","Samsung Galaxy S26 5G 256GB","N","","NONE","","","","N","No available stores found for the given location.","NO_STORE_REPORTED","",0,"Geraldton WA 6530","primary_20260927_v2.2.0_gha","2026-09-28 00:00","2.2.0","+0930","primary","s26",1,"","",23,"00:00"
"2026-09-28 00:16:30","7000","Hobart","TAS","metro core","Samsung Galaxy S26 5G 256GB","Y","Choose a 2 hour window","SCHEDULED",11.99,"Delivered by 30 September",6.99,"Y","","ON_DEMAND_SCHEDULED","logo-alt",4,"Hobart TAS 7000","primary_20260927_v2.2.0_gha","2026-09-28 00:00","2.2.0","+0930","primary","s26",1,"","",23,"00:00"
"2026-09-28 00:16:54","7010","Glenorchy","TAS","metro fringe","Samsung Galaxy S26 5G 256GB","Y","Choose a 2 hour window","SCHEDULED",11.99,"Delivered by 1 October",6.99,"Y","","ON_DEMAND_SCHEDULED","logo-alt",4,"Glenorchy TAS 7010","primary_20260927_v2.2.0_gha","2026-09-28 00:00","2.2.0","+0930","primary","s26",1,"","",23,"00:00"
"2026-09-28 00:17:18","7250","Launceston","TAS","regional","Samsung Galaxy S26 5G 256GB","Y","Choose a 2 hour window","SCHEDULED",11.99,"Delivered by 30 September",6.99,"Y","","ON_DEMAND_SCHEDULED","logo-alt",4,"Launceston TAS 7250","primary_20260927_v2.2.0_gha","2026-09-28 00:00","2.2.0","+0930","primary","s26",1,"","",23,"00:00"
"2026-09-28 00:17:45","7320","Burnie","TAS","regional","Samsung Galaxy S26 5G 256GB","N","","NONE","","Delivered by 30 September",6.99,"N","No on-demand option offered","ON_DEMAND_UNAVAILABLE","",3,"Burnie TAS 7320","primary_20260927_v2.2.0_gha","2026-09-28 00:00","2.2.0","+0930","primary","s26",1,"","",23,"00:00"
"2026-09-28 01:19:14","0800","Darwin City","NT","metro core","Samsung Galaxy S26 5G 256GB","Y","Choose a 2 hour window","SCHEDULED",11.99,"Delivered by 30 September",9.99,"Y","price tie - 3 non-Uber options at $9.99, first in DOM order used","ON_DEMAND_SCHEDULED","logo-alt",4,"Darwin City NT 0800","primary_20260927_v2.2.0_gha","2026-09-28 01:00","2.2.0","+0930","primary","s26",1,"","",24,"01:00"
"2026-09-28 01:19:38","0810","Casuarina","NT","metro fringe","Samsung Galaxy S26 5G 256GB","Y","Choose a 2 hour window","SCHEDULED",11.99,"Delivered by 30 September",9.99,"Y","price tie - 3 non-Uber options at $9.99, first in DOM order used","ON_DEMAND_SCHEDULED","logo-alt",4,"Casuarina NT 0810","primary_20260927_v2.2.0_gha","2026-09-28 01:00","2.2.0","+0930","primary","s26",1,"","",24,"01:00"
"2026-09-28 01:19:56","0870","Alice Springs","NT","regional","Samsung Galaxy S26 5G 256GB","N","","NONE","","","","N","No available stores found for the given location.","NO_STORE_REPORTED","",0,"Alice Springs NT 0870","primary_20260927_v2.2.0_gha","2026-09-28 01:00","2.2.0","+0930","primary","s26",1,"","",24,"01:00"
"2026-09-28 01:00:18","2000","Sydney","NSW","metro core","Samsung Galaxy S26 5G 256GB","Y","Choose a 2 hour window","SCHEDULED",11.99,"Delivered tomorrow",6.99,"Y","","ON_DEMAND_SCHEDULED","logo-alt",2,"Sydney NSW 2000","primary_20260927_v2.2.0_gha","2026-09-28 01:00","2.2.0","+0930","primary","s26",1,"","",24,"01:00"
"2026-09-28 01:00:45","2060","North Sydney","NSW","metro core","Samsung Galaxy S26 5G 256GB","Y","Choose a 2 hour window","SCHEDULED",11.99,"Delivered tomorrow",6.99,"Y","","ON_DEMAND_SCHEDULED","logo-alt",2,"North Sydney NSW 2060","primary_20260927_v2.2.0_gha","2026-09-28 01:00","2.2.0","+0930","primary","s26",1,"","",24,"01:00"
"2026-09-28 01:01:08","2170","Liverpool","NSW","metro fringe","Samsung Galaxy S26 5G 256GB","Y","Choose a 2 hour window","SCHEDULED",11.99,"Delivered tomorrow",6.99,"Y","","ON_DEMAND_SCHEDULED","logo-alt",2,"Liverpool NSW 2170","primary_20260927_v2.2.0_gha","2026-09-28 01:00","2.2.0","+0930","primary","s26",1,"","",24,"01:00"
"2026-09-28 01:02:04","2300","Newcastle","NSW","regional","Samsung Galaxy S26 5G 256GB","Y","Choose a 2 hour window","SCHEDULED",11.99,"Delivered by 2 October",6.99,"Y","","ON_DEMAND_SCHEDULED","logo-alt",4,"Newcastle NSW 2300","primary_20260927_v2.2.0_gha","2026-09-28 01:00","2.2.0","+0930","primary","s26",1,"","",24,"01:00"
"2026-09-28 01:02:53","2480","Lismore","NSW","regional","Samsung Galaxy S26 5G 256GB","N","","NONE","","Delivered by 29 September",9.99,"N","No on-demand option offered; price tie - 3 non-Uber options at $9.99, first in DOM order used","ON_DEMAND_UNAVAILABLE","",3,"Lismore NSW 2480","primary_20260927_v2.2.0_gha","2026-09-28 01:00","2.2.0","+0930","primary","s26",1,"","",24,"01:00"
"2026-09-28 01:18:29","2601","Canberra","ACT","metro core","Samsung Galaxy S26 5G 256GB","Y","Choose a 2 hour window","SCHEDULED",11.99,"Delivered by 30 September",6.99,"Y","","ON_DEMAND_SCHEDULED","logo-alt",4,"Canberra ACT 2601","primary_20260927_v2.2.0_gha","2026-09-28 01:00","2.2.0","+0930","primary","s26",1,"","",24,"01:00"
"2026-09-28 01:02:27","2650","Wagga Wagga","NSW","regional","Samsung Galaxy S26 5G 256GB","Y","Choose a 2 hour window","SCHEDULED",11.99,"Delivered by 29 September",9.99,"Y","price tie - 3 non-Uber options at $9.99, first in DOM order used","ON_DEMAND_SCHEDULED","logo-alt",4,"Wagga Wagga NSW 2650","primary_20260927_v2.2.0_gha","2026-09-28 01:00","2.2.0","+0930","primary","s26",1,"","",24,"01:00"
"2026-09-28 01:01:34","2750","Penrith","NSW","metro fringe","Samsung Galaxy S26 5G 256GB","Y","Choose a 2 hour window","SCHEDULED",11.99,"Delivered tomorrow",6.99,"Y","","ON_DEMAND_SCHEDULED","logo-alt",2,"Penrith NSW 2750","primary_20260927_v2.2.0_gha","2026-09-28 01:00","2.2.0","+0930","primary","s26",1,"","",24,"01:00"
"2026-09-28 01:18:52","2900","Greenway","ACT","metro fringe","Samsung Galaxy S26 5G 256GB","Y","Choose a 2 hour window","SCHEDULED",11.99,"Delivered by 30 September",6.99,"Y","","ON_DEMAND_SCHEDULED","logo-alt",4,"Greenway ACT 2900","primary_20260927_v2.2.0_gha","2026-09-28 01:00","2.2.0","+0930","primary","s26",1,"","",24,"01:00"
"2026-09-28 01:03:19","3000","Melbourne","VIC","metro core","Samsung Galaxy S26 5G 256GB","Y","Choose a 2 hour window","SCHEDULED",11.99,"Delivered tomorrow",6.99,"Y","","ON_DEMAND_SCHEDULED","logo-alt",2,"Melbourne VIC 3000","primary_20260927_v2.2.0_gha","2026-09-28 01:00","2.2.0","+0930","primary","s26",1,"","",24,"01:00"
"2026-09-28 01:04:11","3030","Point Cook","VIC","metro fringe","Samsung Galaxy S26 5G 256GB","Y","Choose a 2 hour window","SCHEDULED",11.99,"Delivered tomorrow",6.99,"Y","","ON_DEMAND_SCHEDULED","logo-alt",2,"Point Cook VIC 3030","primary_20260927_v2.2.0_gha","2026-09-28 01:00","2.2.0","+0930","primary","s26",1,"","",24,"01:00"
"2026-09-28 01:03:46","3121","Richmond","VIC","metro core","Samsung Galaxy S26 5G 256GB","Y","Choose a 2 hour window","SCHEDULED",11.99,"Delivered tomorrow",6.99,"Y","","ON_DEMAND_SCHEDULED","logo-alt",2,"Richmond VIC 3121","primary_20260927_v2.2.0_gha","2026-09-28 01:00","2.2.0","+0930","primary","s26",1,"","",24,"01:00"
"2026-09-28 01:04:33","3175","Dandenong","VIC","metro fringe","Samsung Galaxy S26 5G 256GB","Y","Choose a 2 hour window","SCHEDULED",11.99,"Delivered tomorrow",6.99,"Y","","ON_DEMAND_SCHEDULED","logo-alt",2,"Dandenong VIC 3175","primary_20260927_v2.2.0_gha","2026-09-28 01:00","2.2.0","+0930","primary","s26",1,"","",24,"01:00"
"2026-09-28 01:04:55","3220","Geelong","VIC","regional","Samsung Galaxy S26 5G 256GB","Y","Choose a 2 hour window","SCHEDULED",11.99,"Delivered tomorrow",6.99,"Y","","ON_DEMAND_SCHEDULED","logo-alt",2,"Geelong VIC 3220","primary_20260927_v2.2.0_gha","2026-09-28 01:00","2.2.0","+0930","primary","s26",1,"","",24,"01:00"
"2026-09-28 01:05:43","3350","Ballarat","VIC","regional","Samsung Galaxy S26 5G 256GB","Y","Choose a 2 hour window","SCHEDULED",11.99,"Delivered by 1 October",5.99,"Y","","ON_DEMAND_SCHEDULED","logo-alt",4,"Ballarat VIC 3350","primary_20260927_v2.2.0_gha","2026-09-28 01:00","2.2.0","+0930","primary","s26",1,"","",24,"01:00"
"2026-09-28 01:05:19","3550","Bendigo","VIC","regional","Samsung Galaxy S26 5G 256GB","Y","Choose a 2 hour window","SCHEDULED",11.99,"Delivered by 29 September",9.99,"Y","price tie - 3 non-Uber options at $9.99, first in DOM order used","ON_DEMAND_SCHEDULED","logo-alt",4,"Bendigo VIC 3550","primary_20260927_v2.2.0_gha","2026-09-28 01:00","2.2.0","+0930","primary","s26",1,"","",24,"01:00"
"2026-09-28 01:06:06","4000","Brisbane City","QLD","metro core","Samsung Galaxy S26 5G 256GB","Y","Choose a 2 hour window","SCHEDULED",11.99,"Delivered tomorrow",6.99,"Y","","ON_DEMAND_SCHEDULED","logo-alt",2,"Brisbane City QLD 4000","primary_20260927_v2.2.0_gha","2026-09-28 01:00","2.2.0","+0930","primary","s26",1,"","",24,"01:00"
"2026-09-28 01:06:30","4006","Fortitude Valley","QLD","metro core","Samsung Galaxy S26 5G 256GB","Y","Choose a 2 hour window","SCHEDULED",11.99,"Delivered tomorrow",6.99,"Y","","ON_DEMAND_SCHEDULED","logo-alt",2,"Fortitude Valley QLD 4006","primary_20260927_v2.2.0_gha","2026-09-28 01:00","2.2.0","+0930","primary","s26",1,"","",24,"01:00"
"2026-09-28 01:07:18","4178","Wynnum","QLD","metro fringe","Samsung Galaxy S26 5G 256GB","Y","Choose a 2 hour window","SCHEDULED",11.99,"Delivered tomorrow",6.99,"Y","","ON_DEMAND_SCHEDULED","logo-alt",2,"Wynnum QLD 4178","primary_20260927_v2.2.0_gha","2026-09-28 01:00","2.2.0","+0930","primary","s26",1,"","",24,"01:00"
"2026-09-28 01:06:54","4300","Springfield","QLD","metro fringe","Samsung Galaxy S26 5G 256GB","Y","Choose a 2 hour window","SCHEDULED",11.99,"Delivered tomorrow",6.99,"Y","","ON_DEMAND_SCHEDULED","logo-alt",2,"Springfield QLD 4300","primary_20260927_v2.2.0_gha","2026-09-28 01:00","2.2.0","+0930","primary","s26",1,"","",24,"01:00"
"2026-09-28 01:07:42","4350","Toowoomba City","QLD","regional","Samsung Galaxy S26 5G 256GB","Y","Choose a 2 hour window","SCHEDULED",11.99,"Delivered by 29 September",9.99,"Y","price tie - 3 non-Uber options at $9.99, first in DOM order used","ON_DEMAND_SCHEDULED","logo-alt",4,"Toowoomba City QLD 4350","primary_20260927_v2.2.0_gha","2026-09-28 01:00","2.2.0","+0930","primary","s26",1,"","",24,"01:00"
"2026-09-28 01:08:04","4740","Mackay","QLD","regional","Samsung Galaxy S26 5G 256GB","N","","NONE","","Delivered by 29 September",9.99,"N","No on-demand option offered; price tie - 3 non-Uber options at $9.99, first in DOM order used","ON_DEMAND_UNAVAILABLE","",3,"Mackay QLD 4740","primary_20260927_v2.2.0_gha","2026-09-28 01:00","2.2.0","+0930","primary","s26",1,"","",24,"01:00"
"2026-09-28 01:08:26","4870","Cairns","QLD","regional","Samsung Galaxy S26 5G 256GB","Y","Choose a 2 hour window","SCHEDULED",11.99,"Delivered by 29 September",9.99,"Y","price tie - 3 non-Uber options at $9.99, first in DOM order used","ON_DEMAND_SCHEDULED","logo-alt",4,"Cairns QLD 4870","primary_20260927_v2.2.0_gha","2026-09-28 01:00","2.2.0","+0930","primary","s26",1,"","",24,"01:00"
"2026-09-28 01:08:51","5000","Adelaide","SA","metro core","Samsung Galaxy S26 5G 256GB","Y","Choose a 2 hour window","SCHEDULED",11.99,"Delivered tomorrow",6.99,"Y","","ON_DEMAND_SCHEDULED","logo-alt",2,"Adelaide SA 5000","primary_20260927_v2.2.0_gha","2026-09-28 01:00","2.2.0","+0930","primary","s26",1,"","",24,"01:00"
"2026-09-28 01:10:08","5022","Grange","SA","metro fringe","Samsung Galaxy S26 5G 256GB","Y","Choose a 2 hour window","SCHEDULED",11.99,"Delivered tomorrow",6.99,"Y","","ON_DEMAND_SCHEDULED","logo-alt",2,"Grange SA 5022","primary_20260927_v2.2.0_gha","2026-09-28 01:00","2.2.0","+0930","primary","s26",1,"","",24,"01:00"
"2026-09-28 01:09:44","5034","Millswood","SA","metro core","Samsung Galaxy S26 5G 256GB","Y","Choose a 2 hour window","SCHEDULED",11.99,"Delivered tomorrow",6.99,"Y","","ON_DEMAND_SCHEDULED","logo-alt",2,"Millswood SA 5034","primary_20260927_v2.2.0_gha","2026-09-28 01:00","2.2.0","+0930","primary","s26",1,"","",24,"01:00"
"2026-09-28 01:09:19","5067","Norwood","SA","metro core","Samsung Galaxy S26 5G 256GB","Y","Choose a 2 hour window","SCHEDULED",11.99,"Delivered tomorrow",6.99,"Y","","ON_DEMAND_SCHEDULED","logo-alt",2,"Norwood SA 5067","primary_20260927_v2.2.0_gha","2026-09-28 01:00","2.2.0","+0930","primary","s26",1,"","",24,"01:00"
"2026-09-28 01:11:30","5095","Mawson Lakes","SA","metro fringe","Samsung Galaxy S26 5G 256GB","Y","Choose a 2 hour window","SCHEDULED",11.99,"Delivered tomorrow",6.99,"Y","","ON_DEMAND_SCHEDULED","logo-alt",2,"Mawson Lakes SA 5095","primary_20260927_v2.2.0_gha","2026-09-28 01:00","2.2.0","+0930","primary","s26",1,"","",24,"01:00"
"2026-09-28 01:10:38","5108","Salisbury","SA","metro fringe","Samsung Galaxy S26 5G 256GB","Y","Choose a 2 hour window","SCHEDULED",11.99,"Delivered tomorrow",6.99,"Y","","ON_DEMAND_SCHEDULED","logo-alt",2,"Salisbury SA 5108","primary_20260927_v2.2.0_gha","2026-09-28 01:00","2.2.0","+0930","primary","s26",1,"","",24,"01:00"
"2026-09-28 01:11:53","5114","Smithfield","SA","outer metro","Samsung Galaxy S26 5G 256GB","Y","Choose a 2 hour window","SCHEDULED",11.99,"Delivered tomorrow",6.99,"Y","","ON_DEMAND_SCHEDULED","logo-alt",2,"Smithfield SA 5114","primary_20260927_v2.2.0_gha","2026-09-28 01:00","2.2.0","+0930","primary","s26",1,"","",24,"01:00"
"2026-09-28 01:11:03","5162","Morphett Vale","SA","metro fringe","Samsung Galaxy S26 5G 256GB","Y","Choose a 2 hour window","SCHEDULED",11.99,"Delivered tomorrow",6.99,"Y","","ON_DEMAND_SCHEDULED","logo-alt",2,"Morphett Vale SA 5162","primary_20260927_v2.2.0_gha","2026-09-28 01:00","2.2.0","+0930","primary","s26",1,"","",24,"01:00"
"2026-09-28 01:12:16","5251","Mount Barker","SA","outer metro","Samsung Galaxy S26 5G 256GB","N","","NONE","","Delivered by 29 September",9.99,"N","No on-demand option offered; price tie - 3 non-Uber options at $9.99, first in DOM order used","ON_DEMAND_UNAVAILABLE","",3,"Mount Barker SA 5251","primary_20260927_v2.2.0_gha","2026-09-28 01:00","2.2.0","+0930","primary","s26",1,"","",24,"01:00"
"2026-09-28 01:12:38","5290","Mount Gambier","SA","regional","Samsung Galaxy S26 5G 256GB","N","","NONE","","Delivered by 29 September",9.99,"N","No on-demand option offered; price tie - 3 non-Uber options at $9.99, first in DOM order used","ON_DEMAND_UNAVAILABLE","",3,"Mount Gambier SA 5290","primary_20260927_v2.2.0_gha","2026-09-28 01:00","2.2.0","+0930","primary","s26",1,"","",24,"01:00"
"2026-09-28 01:13:21","5606","Port Lincoln","SA","regional","Samsung Galaxy S26 5G 256GB","N","","NONE","","","","N","No available stores found for the given location.","NO_STORE_REPORTED","",0,"Port Lincoln SA 5606","primary_20260927_v2.2.0_gha","2026-09-28 01:00","2.2.0","+0930","primary","s26",1,"","",24,"01:00"
"2026-09-28 01:12:58","5700","Port Augusta","SA","regional","Samsung Galaxy S26 5G 256GB","N","","NONE","","","","N","No available stores found for the given location.","NO_STORE_REPORTED","",0,"Port Augusta SA 5700","primary_20260927_v2.2.0_gha","2026-09-28 01:00","2.2.0","+0930","primary","s26",1,"","",24,"01:00"
"2026-09-28 01:14:07","6000","Perth","WA","metro core","Samsung Galaxy S26 5G 256GB","Y","Choose a 2 hour window","SCHEDULED",11.99,"Delivered by 29 September",6.99,"Y","","ON_DEMAND_SCHEDULED","logo-alt",2,"Perth WA 6000","primary_20260927_v2.2.0_gha","2026-09-28 01:00","2.2.0","+0930","primary","s26",2,"","",24,"01:00"
"2026-09-28 01:14:30","6008","Subiaco","WA","metro core","Samsung Galaxy S26 5G 256GB","Y","Choose a 2 hour window","SCHEDULED",11.99,"Delivered by 29 September",6.99,"Y","","ON_DEMAND_SCHEDULED","logo-alt",2,"Subiaco WA 6008","primary_20260927_v2.2.0_gha","2026-09-28 01:00","2.2.0","+0930","primary","s26",1,"","",24,"01:00"
"2026-09-28 01:15:26","6030","Clarkson","WA","metro fringe","Samsung Galaxy S26 5G 256GB","Y","Choose a 2 hour window","SCHEDULED",11.99,"Delivered by 29 September",6.99,"Y","","ON_DEMAND_SCHEDULED","logo-alt",2,"Clarkson WA 6030","primary_20260927_v2.2.0_gha","2026-09-28 01:00","2.2.0","+0930","primary","s26",1,"","",24,"01:00"
"2026-09-28 01:15:03","6164","Success","WA","metro fringe","Samsung Galaxy S26 5G 256GB","Y","Choose a 2 hour window","SCHEDULED",11.99,"Delivered by 29 September",6.99,"Y","","ON_DEMAND_SCHEDULED","logo-alt",2,"Success WA 6164","primary_20260927_v2.2.0_gha","2026-09-28 01:00","2.2.0","+0930","primary","s26",1,"","",24,"01:00"
"2026-09-28 01:15:50","6230","Bunbury","WA","regional","Samsung Galaxy S26 5G 256GB","Y","Choose a 2 hour window","SCHEDULED",11.99,"Delivered by 30 September",9.99,"Y","price tie - 3 non-Uber options at $9.99, first in DOM order used","ON_DEMAND_SCHEDULED","logo-alt",4,"Bunbury WA 6230","primary_20260927_v2.2.0_gha","2026-09-28 01:00","2.2.0","+0930","primary","s26",1,"","",24,"01:00"
"2026-09-28 01:16:10","6430","Kalgoorlie","WA","regional","Samsung Galaxy S26 5G 256GB","N","","NONE","","","","N","No available stores found for the given location.","NO_STORE_REPORTED","",0,"Kalgoorlie WA 6430","primary_20260927_v2.2.0_gha","2026-09-28 01:00","2.2.0","+0930","primary","s26",1,"","",24,"01:00"
"2026-09-28 01:16:33","6530","Geraldton","WA","regional","Samsung Galaxy S26 5G 256GB","N","","NONE","","","","N","No available stores found for the given location.","NO_STORE_REPORTED","",0,"Geraldton WA 6530","primary_20260927_v2.2.0_gha","2026-09-28 01:00","2.2.0","+0930","primary","s26",1,"","",24,"01:00"
"2026-09-28 01:16:56","7000","Hobart","TAS","metro core","Samsung Galaxy S26 5G 256GB","Y","Choose a 2 hour window","SCHEDULED",11.99,"Delivered by 30 September",6.99,"Y","","ON_DEMAND_SCHEDULED","logo-alt",4,"Hobart TAS 7000","primary_20260927_v2.2.0_gha","2026-09-28 01:00","2.2.0","+0930","primary","s26",1,"","",24,"01:00"
"2026-09-28 01:17:18","7010","Glenorchy","TAS","metro fringe","Samsung Galaxy S26 5G 256GB","Y","Choose a 2 hour window","SCHEDULED",11.99,"Delivered by 1 October",6.99,"Y","","ON_DEMAND_SCHEDULED","logo-alt",4,"Glenorchy TAS 7010","primary_20260927_v2.2.0_gha","2026-09-28 01:00","2.2.0","+0930","primary","s26",1,"","",24,"01:00"
"2026-09-28 01:17:41","7250","Launceston","TAS","regional","Samsung Galaxy S26 5G 256GB","Y","Choose a 2 hour window","SCHEDULED",11.99,"Delivered by 30 September",6.99,"Y","","ON_DEMAND_SCHEDULED","logo-alt",4,"Launceston TAS 7250","primary_20260927_v2.2.0_gha","2026-09-28 01:00","2.2.0","+0930","primary","s26",1,"","",24,"01:00"
"2026-09-28 01:18:04","7320","Burnie","TAS","regional","Samsung Galaxy S26 5G 256GB","N","","NONE","","Delivered by 30 September",6.99,"N","No on-demand option offered","ON_DEMAND_UNAVAILABLE","",3,"Burnie TAS 7320","primary_20260927_v2.2.0_gha","2026-09-28 01:00","2.2.0","+0930","primary","s26",1,"","",24,"01:00"
"2026-09-28 02:19:19","0800","Darwin City","NT","metro core","Samsung Galaxy S26 5G 256GB","Y","Choose a 2 hour window","SCHEDULED",11.99,"Delivered by 30 September",9.99,"Y","price tie - 3 non-Uber options at $9.99, first in DOM order used","ON_DEMAND_SCHEDULED","logo-alt",4,"Darwin City NT 0800","primary_20260927_v2.2.0_gha","2026-09-28 02:00","2.2.0","+0930","primary","s26",1,"","",25,"02:00"
"2026-09-28 02:19:44","0810","Casuarina","NT","metro fringe","Samsung Galaxy S26 5G 256GB","Y","Choose a 2 hour window","SCHEDULED",11.99,"Delivered by 30 September",9.99,"Y","price tie - 3 non-Uber options at $9.99, first in DOM order used","ON_DEMAND_SCHEDULED","logo-alt",4,"Casuarina NT 0810","primary_20260927_v2.2.0_gha","2026-09-28 02:00","2.2.0","+0930","primary","s26",1,"","",25,"02:00"
"2026-09-28 02:20:07","0870","Alice Springs","NT","regional","Samsung Galaxy S26 5G 256GB","N","","NONE","","","","N","No available stores found for the given location.","NO_STORE_REPORTED","",0,"Alice Springs NT 0870","primary_20260927_v2.2.0_gha","2026-09-28 02:00","2.2.0","+0930","primary","s26",1,"","",25,"02:00"
"2026-09-28 02:00:17","2000","Sydney","NSW","metro core","Samsung Galaxy S26 5G 256GB","Y","Choose a 2 hour window","SCHEDULED",11.99,"Delivered tomorrow",6.99,"Y","","ON_DEMAND_SCHEDULED","logo-alt",2,"Sydney NSW 2000","primary_20260927_v2.2.0_gha","2026-09-28 02:00","2.2.0","+0930","primary","s26",1,"","",25,"02:00"
"2026-09-28 02:00:44","2060","North Sydney","NSW","metro core","Samsung Galaxy S26 5G 256GB","Y","Choose a 2 hour window","SCHEDULED",11.99,"Delivered tomorrow",6.99,"Y","","ON_DEMAND_SCHEDULED","logo-alt",2,"North Sydney NSW 2060","primary_20260927_v2.2.0_gha","2026-09-28 02:00","2.2.0","+0930","primary","s26",1,"","",25,"02:00"
"2026-09-28 02:01:06","2170","Liverpool","NSW","metro fringe","Samsung Galaxy S26 5G 256GB","Y","Choose a 2 hour window","SCHEDULED",11.99,"Delivered tomorrow",6.99,"Y","","ON_DEMAND_SCHEDULED","logo-alt",2,"Liverpool NSW 2170","primary_20260927_v2.2.0_gha","2026-09-28 02:00","2.2.0","+0930","primary","s26",1,"","",25,"02:00"
"2026-09-28 02:02:01","2300","Newcastle","NSW","regional","Samsung Galaxy S26 5G 256GB","Y","Choose a 2 hour window","SCHEDULED",11.99,"Delivered by 2 October",6.99,"Y","","ON_DEMAND_SCHEDULED","logo-alt",4,"Newcastle NSW 2300","primary_20260927_v2.2.0_gha","2026-09-28 02:00","2.2.0","+0930","primary","s26",1,"","",25,"02:00"
"2026-09-28 02:02:47","2480","Lismore","NSW","regional","Samsung Galaxy S26 5G 256GB","N","","NONE","","Delivered by 29 September",9.99,"N","No on-demand option offered; price tie - 3 non-Uber options at $9.99, first in DOM order used","ON_DEMAND_UNAVAILABLE","",3,"Lismore NSW 2480","primary_20260927_v2.2.0_gha","2026-09-28 02:00","2.2.0","+0930","primary","s26",1,"","",25,"02:00"
"2026-09-28 02:18:26","2601","Canberra","ACT","metro core","Samsung Galaxy S26 5G 256GB","Y","Choose a 2 hour window","SCHEDULED",11.99,"Delivered by 30 September",6.99,"Y","","ON_DEMAND_SCHEDULED","logo-alt",4,"Canberra ACT 2601","primary_20260927_v2.2.0_gha","2026-09-28 02:00","2.2.0","+0930","primary","s26",1,"","",25,"02:00"
"2026-09-28 02:02:23","2650","Wagga Wagga","NSW","regional","Samsung Galaxy S26 5G 256GB","Y","Choose a 2 hour window","SCHEDULED",11.99,"Delivered by 29 September",9.99,"Y","price tie - 3 non-Uber options at $9.99, first in DOM order used","ON_DEMAND_SCHEDULED","logo-alt",4,"Wagga Wagga NSW 2650","primary_20260927_v2.2.0_gha","2026-09-28 02:00","2.2.0","+0930","primary","s26",1,"","",25,"02:00"
"2026-09-28 02:01:32","2750","Penrith","NSW","metro fringe","Samsung Galaxy S26 5G 256GB","Y","Choose a 2 hour window","SCHEDULED",11.99,"Delivered tomorrow",6.99,"Y","","ON_DEMAND_SCHEDULED","logo-alt",2,"Penrith NSW 2750","primary_20260927_v2.2.0_gha","2026-09-28 02:00","2.2.0","+0930","primary","s26",1,"","",25,"02:00"
"2026-09-28 02:18:53","2900","Greenway","ACT","metro fringe","Samsung Galaxy S26 5G 256GB","Y","Choose a 2 hour window","SCHEDULED",11.99,"Delivered by 30 September",6.99,"Y","","ON_DEMAND_SCHEDULED","logo-alt",4,"Greenway ACT 2900","primary_20260927_v2.2.0_gha","2026-09-28 02:00","2.2.0","+0930","primary","s26",1,"","",25,"02:00"
"2026-09-28 02:03:12","3000","Melbourne","VIC","metro core","Samsung Galaxy S26 5G 256GB","Y","Choose a 2 hour window","SCHEDULED",11.99,"Delivered tomorrow",6.99,"Y","","ON_DEMAND_SCHEDULED","logo-alt",2,"Melbourne VIC 3000","primary_20260927_v2.2.0_gha","2026-09-28 02:00","2.2.0","+0930","primary","s26",1,"","",25,"02:00"
"2026-09-28 02:04:01","3030","Point Cook","VIC","metro fringe","Samsung Galaxy S26 5G 256GB","Y","Choose a 2 hour window","SCHEDULED",11.99,"Delivered tomorrow",6.99,"Y","","ON_DEMAND_SCHEDULED","logo-alt",2,"Point Cook VIC 3030","primary_20260927_v2.2.0_gha","2026-09-28 02:00","2.2.0","+0930","primary","s26",1,"","",25,"02:00"
"2026-09-28 02:03:39","3121","Richmond","VIC","metro core","Samsung Galaxy S26 5G 256GB","Y","Choose a 2 hour window","SCHEDULED",11.99,"Delivered tomorrow",6.99,"Y","","ON_DEMAND_SCHEDULED","logo-alt",2,"Richmond VIC 3121","primary_20260927_v2.2.0_gha","2026-09-28 02:00","2.2.0","+0930","primary","s26",1,"","",25,"02:00"
"2026-09-28 02:04:25","3175","Dandenong","VIC","metro fringe","Samsung Galaxy S26 5G 256GB","Y","Choose a 2 hour window","SCHEDULED",11.99,"Delivered tomorrow",6.99,"Y","","ON_DEMAND_SCHEDULED","logo-alt",2,"Dandenong VIC 3175","primary_20260927_v2.2.0_gha","2026-09-28 02:00","2.2.0","+0930","primary","s26",1,"","",25,"02:00"
"2026-09-28 02:04:46","3220","Geelong","VIC","regional","Samsung Galaxy S26 5G 256GB","Y","Choose a 2 hour window","SCHEDULED",11.99,"Delivered tomorrow",6.99,"Y","","ON_DEMAND_SCHEDULED","logo-alt",2,"Geelong VIC 3220","primary_20260927_v2.2.0_gha","2026-09-28 02:00","2.2.0","+0930","primary","s26",1,"","",25,"02:00"
"2026-09-28 02:05:35","3350","Ballarat","VIC","regional","Samsung Galaxy S26 5G 256GB","Y","Choose a 2 hour window","SCHEDULED",11.99,"Delivered by 1 October",5.99,"Y","","ON_DEMAND_SCHEDULED","logo-alt",4,"Ballarat VIC 3350","primary_20260927_v2.2.0_gha","2026-09-28 02:00","2.2.0","+0930","primary","s26",1,"","",25,"02:00"
"2026-09-28 02:05:10","3550","Bendigo","VIC","regional","Samsung Galaxy S26 5G 256GB","Y","Choose a 2 hour window","SCHEDULED",11.99,"Delivered by 29 September",9.99,"Y","price tie - 3 non-Uber options at $9.99, first in DOM order used","ON_DEMAND_SCHEDULED","logo-alt",4,"Bendigo VIC 3550","primary_20260927_v2.2.0_gha","2026-09-28 02:00","2.2.0","+0930","primary","s26",1,"","",25,"02:00"
"2026-09-28 02:06:01","4000","Brisbane City","QLD","metro core","Samsung Galaxy S26 5G 256GB","Y","Choose a 2 hour window","SCHEDULED",11.99,"Delivered tomorrow",6.99,"Y","","ON_DEMAND_SCHEDULED","logo-alt",2,"Brisbane City QLD 4000","primary_20260927_v2.2.0_gha","2026-09-28 02:00","2.2.0","+0930","primary","s26",1,"","",25,"02:00"
"2026-09-28 02:06:25","4006","Fortitude Valley","QLD","metro core","Samsung Galaxy S26 5G 256GB","Y","Choose a 2 hour window","SCHEDULED",11.99,"Delivered tomorrow",6.99,"Y","","ON_DEMAND_SCHEDULED","logo-alt",2,"Fortitude Valley QLD 4006","primary_20260927_v2.2.0_gha","2026-09-28 02:00","2.2.0","+0930","primary","s26",1,"","",25,"02:00"
"2026-09-28 02:07:18","4178","Wynnum","QLD","metro fringe","Samsung Galaxy S26 5G 256GB","Y","Choose a 2 hour window","SCHEDULED",11.99,"Delivered tomorrow",6.99,"Y","","ON_DEMAND_SCHEDULED","logo-alt",2,"Wynnum QLD 4178","primary_20260927_v2.2.0_gha","2026-09-28 02:00","2.2.0","+0930","primary","s26",1,"","",25,"02:00"
"2026-09-28 02:06:51","4300","Springfield","QLD","metro fringe","Samsung Galaxy S26 5G 256GB","Y","Choose a 2 hour window","SCHEDULED",11.99,"Delivered tomorrow",6.99,"Y","","ON_DEMAND_SCHEDULED","logo-alt",2,"Springfield QLD 4300","primary_20260927_v2.2.0_gha","2026-09-28 02:00","2.2.0","+0930","primary","s26",1,"","",25,"02:00"
"2026-09-28 02:07:41","4350","Toowoomba City","QLD","regional","Samsung Galaxy S26 5G 256GB","Y","Choose a 2 hour window","SCHEDULED",11.99,"Delivered by 29 September",9.99,"Y","price tie - 3 non-Uber options at $9.99, first in DOM order used","ON_DEMAND_SCHEDULED","logo-alt",4,"Toowoomba City QLD 4350","primary_20260927_v2.2.0_gha","2026-09-28 02:00","2.2.0","+0930","primary","s26",1,"","",25,"02:00"
"2026-09-28 02:08:05","4740","Mackay","QLD","regional","Samsung Galaxy S26 5G 256GB","N","","NONE","","Delivered by 29 September",9.99,"N","No on-demand option offered; price tie - 3 non-Uber options at $9.99, first in DOM order used","ON_DEMAND_UNAVAILABLE","",3,"Mackay QLD 4740","primary_20260927_v2.2.0_gha","2026-09-28 02:00","2.2.0","+0930","primary","s26",1,"","",25,"02:00"
"2026-09-28 02:08:28","4870","Cairns","QLD","regional","Samsung Galaxy S26 5G 256GB","Y","Choose a 2 hour window","SCHEDULED",11.99,"Delivered by 29 September",9.99,"Y","price tie - 3 non-Uber options at $9.99, first in DOM order used","ON_DEMAND_SCHEDULED","logo-alt",4,"Cairns QLD 4870","primary_20260927_v2.2.0_gha","2026-09-28 02:00","2.2.0","+0930","primary","s26",1,"","",25,"02:00"
"2026-09-28 02:08:51","5000","Adelaide","SA","metro core","Samsung Galaxy S26 5G 256GB","Y","Choose a 2 hour window","SCHEDULED",11.99,"Delivered tomorrow",6.99,"Y","","ON_DEMAND_SCHEDULED","logo-alt",2,"Adelaide SA 5000","primary_20260927_v2.2.0_gha","2026-09-28 02:00","2.2.0","+0930","primary","s26",1,"","",25,"02:00"
"2026-09-28 02:10:09","5022","Grange","SA","metro fringe","Samsung Galaxy S26 5G 256GB","Y","Choose a 2 hour window","SCHEDULED",11.99,"Delivered tomorrow",6.99,"Y","","ON_DEMAND_SCHEDULED","logo-alt",2,"Grange SA 5022","primary_20260927_v2.2.0_gha","2026-09-28 02:00","2.2.0","+0930","primary","s26",1,"","",25,"02:00"
"2026-09-28 02:09:42","5034","Millswood","SA","metro core","Samsung Galaxy S26 5G 256GB","Y","Choose a 2 hour window","SCHEDULED",11.99,"Delivered tomorrow",6.99,"Y","","ON_DEMAND_SCHEDULED","logo-alt",2,"Millswood SA 5034","primary_20260927_v2.2.0_gha","2026-09-28 02:00","2.2.0","+0930","primary","s26",1,"","",25,"02:00"
"2026-09-28 02:09:16","5067","Norwood","SA","metro core","Samsung Galaxy S26 5G 256GB","Y","Choose a 2 hour window","SCHEDULED",11.99,"Delivered tomorrow",6.99,"Y","","ON_DEMAND_SCHEDULED","logo-alt",2,"Norwood SA 5067","primary_20260927_v2.2.0_gha","2026-09-28 02:00","2.2.0","+0930","primary","s26",1,"","",25,"02:00"
"2026-09-28 02:11:29","5095","Mawson Lakes","SA","metro fringe","Samsung Galaxy S26 5G 256GB","Y","Choose a 2 hour window","SCHEDULED",11.99,"Delivered tomorrow",6.99,"Y","","ON_DEMAND_SCHEDULED","logo-alt",2,"Mawson Lakes SA 5095","primary_20260927_v2.2.0_gha","2026-09-28 02:00","2.2.0","+0930","primary","s26",1,"","",25,"02:00"
"2026-09-28 02:10:37","5108","Salisbury","SA","metro fringe","Samsung Galaxy S26 5G 256GB","Y","Choose a 2 hour window","SCHEDULED",11.99,"Delivered tomorrow",6.99,"Y","","ON_DEMAND_SCHEDULED","logo-alt",2,"Salisbury SA 5108","primary_20260927_v2.2.0_gha","2026-09-28 02:00","2.2.0","+0930","primary","s26",1,"","",25,"02:00"
"2026-09-28 02:11:53","5114","Smithfield","SA","outer metro","Samsung Galaxy S26 5G 256GB","Y","Choose a 2 hour window","SCHEDULED",11.99,"Delivered tomorrow",6.99,"Y","","ON_DEMAND_SCHEDULED","logo-alt",2,"Smithfield SA 5114","primary_20260927_v2.2.0_gha","2026-09-28 02:00","2.2.0","+0930","primary","s26",1,"","",25,"02:00"
"2026-09-28 02:11:04","5162","Morphett Vale","SA","metro fringe","Samsung Galaxy S26 5G 256GB","Y","Choose a 2 hour window","SCHEDULED",11.99,"Delivered tomorrow",6.99,"Y","","ON_DEMAND_SCHEDULED","logo-alt",2,"Morphett Vale SA 5162","primary_20260927_v2.2.0_gha","2026-09-28 02:00","2.2.0","+0930","primary","s26",1,"","",25,"02:00"
"2026-09-28 02:12:20","5251","Mount Barker","SA","outer metro","Samsung Galaxy S26 5G 256GB","N","","NONE","","Delivered by 29 September",9.99,"N","No on-demand option offered; price tie - 3 non-Uber options at $9.99, first in DOM order used","ON_DEMAND_UNAVAILABLE","",3,"Mount Barker SA 5251","primary_20260927_v2.2.0_gha","2026-09-28 02:00","2.2.0","+0930","primary","s26",1,"","",25,"02:00"
"2026-09-28 02:12:47","5290","Mount Gambier","SA","regional","Samsung Galaxy S26 5G 256GB","N","","NONE","","Delivered by 29 September",9.99,"N","No on-demand option offered; price tie - 3 non-Uber options at $9.99, first in DOM order used","ON_DEMAND_UNAVAILABLE","",3,"Mount Gambier SA 5290","primary_20260927_v2.2.0_gha","2026-09-28 02:00","2.2.0","+0930","primary","s26",1,"","",25,"02:00"
"2026-09-28 02:13:30","5606","Port Lincoln","SA","regional","Samsung Galaxy S26 5G 256GB","N","","NONE","","","","N","No available stores found for the given location.","NO_STORE_REPORTED","",0,"Port Lincoln SA 5606","primary_20260927_v2.2.0_gha","2026-09-28 02:00","2.2.0","+0930","primary","s26",1,"","",25,"02:00"
"2026-09-28 02:13:10","5700","Port Augusta","SA","regional","Samsung Galaxy S26 5G 256GB","N","","NONE","","","","N","No available stores found for the given location.","NO_STORE_REPORTED","",0,"Port Augusta SA 5700","primary_20260927_v2.2.0_gha","2026-09-28 02:00","2.2.0","+0930","primary","s26",1,"","",25,"02:00"
"2026-09-28 02:13:53","6000","Perth","WA","metro core","Samsung Galaxy S26 5G 256GB","Y","Choose a 2 hour window","SCHEDULED",11.99,"Delivered tomorrow",6.99,"Y","","ON_DEMAND_SCHEDULED","logo-alt",2,"Perth WA 6000","primary_20260927_v2.2.0_gha","2026-09-28 02:00","2.2.0","+0930","primary","s26",1,"","",25,"02:00"
"2026-09-28 02:14:16","6008","Subiaco","WA","metro core","Samsung Galaxy S26 5G 256GB","Y","Choose a 2 hour window","SCHEDULED",11.99,"Delivered tomorrow",6.99,"Y","","ON_DEMAND_SCHEDULED","logo-alt",2,"Subiaco WA 6008","primary_20260927_v2.2.0_gha","2026-09-28 02:00","2.2.0","+0930","primary","s26",1,"","",25,"02:00"
"2026-09-28 02:15:08","6030","Clarkson","WA","metro fringe","Samsung Galaxy S26 5G 256GB","Y","Choose a 2 hour window","SCHEDULED",11.99,"Delivered tomorrow",6.99,"Y","","ON_DEMAND_SCHEDULED","logo-alt",2,"Clarkson WA 6030","primary_20260927_v2.2.0_gha","2026-09-28 02:00","2.2.0","+0930","primary","s26",1,"","",25,"02:00"
"2026-09-28 02:14:39","6164","Success","WA","metro fringe","Samsung Galaxy S26 5G 256GB","Y","Choose a 2 hour window","SCHEDULED",11.99,"Delivered tomorrow",6.99,"Y","","ON_DEMAND_SCHEDULED","logo-alt",2,"Success WA 6164","primary_20260927_v2.2.0_gha","2026-09-28 02:00","2.2.0","+0930","primary","s26",1,"","",25,"02:00"
"2026-09-28 02:15:35","6230","Bunbury","WA","regional","Samsung Galaxy S26 5G 256GB","Y","Choose a 2 hour window","SCHEDULED",11.99,"Delivered by 30 September",9.99,"Y","price tie - 3 non-Uber options at $9.99, first in DOM order used","ON_DEMAND_SCHEDULED","logo-alt",4,"Bunbury WA 6230","primary_20260927_v2.2.0_gha","2026-09-28 02:00","2.2.0","+0930","primary","s26",1,"","",25,"02:00"
"2026-09-28 02:15:57","6430","Kalgoorlie","WA","regional","Samsung Galaxy S26 5G 256GB","N","","NONE","","","","N","No available stores found for the given location.","NO_STORE_REPORTED","",0,"Kalgoorlie WA 6430","primary_20260927_v2.2.0_gha","2026-09-28 02:00","2.2.0","+0930","primary","s26",1,"","",25,"02:00"
"2026-09-28 02:16:18","6530","Geraldton","WA","regional","Samsung Galaxy S26 5G 256GB","N","","NONE","","","","N","No available stores found for the given location.","NO_STORE_REPORTED","",0,"Geraldton WA 6530","primary_20260927_v2.2.0_gha","2026-09-28 02:00","2.2.0","+0930","primary","s26",1,"","",25,"02:00"
"2026-09-28 02:16:46","7000","Hobart","TAS","metro core","Samsung Galaxy S26 5G 256GB","Y","Choose a 2 hour window","SCHEDULED",11.99,"Delivered by 30 September",6.99,"Y","","ON_DEMAND_SCHEDULED","logo-alt",4,"Hobart TAS 7000","primary_20260927_v2.2.0_gha","2026-09-28 02:00","2.2.0","+0930","primary","s26",1,"","",25,"02:00"
"2026-09-28 02:17:13","7010","Glenorchy","TAS","metro fringe","Samsung Galaxy S26 5G 256GB","Y","Choose a 2 hour window","SCHEDULED",11.99,"Delivered by 1 October",6.99,"Y","","ON_DEMAND_SCHEDULED","logo-alt",4,"Glenorchy TAS 7010","primary_20260927_v2.2.0_gha","2026-09-28 02:00","2.2.0","+0930","primary","s26",1,"","",25,"02:00"
"2026-09-28 02:17:38","7250","Launceston","TAS","regional","Samsung Galaxy S26 5G 256GB","Y","Choose a 2 hour window","SCHEDULED",11.99,"Delivered by 30 September",6.99,"Y","","ON_DEMAND_SCHEDULED","logo-alt",4,"Launceston TAS 7250","primary_20260927_v2.2.0_gha","2026-09-28 02:00","2.2.0","+0930","primary","s26",1,"","",25,"02:00"
"2026-09-28 02:18:04","7320","Burnie","TAS","regional","Samsung Galaxy S26 5G 256GB","N","","NONE","","Delivered by 30 September",6.99,"N","No on-demand option offered","ON_DEMAND_UNAVAILABLE","",3,"Burnie TAS 7320","primary_20260927_v2.2.0_gha","2026-09-28 02:00","2.2.0","+0930","primary","s26",1,"","",25,"02:00"
"2026-09-28 03:18:33","0800","Darwin City","NT","metro core","Samsung Galaxy S26 5G 256GB","Y","Choose a 2 hour window","SCHEDULED",11.99,"Delivered by 30 September",9.99,"Y","price tie - 3 non-Uber options at $9.99, first in DOM order used","ON_DEMAND_SCHEDULED","logo-alt",4,"Darwin City NT 0800","primary_20260927_v2.2.0_gha","2026-09-28 03:00","2.2.0","+0930","primary","s26",1,"","",26,"03:00"
"2026-09-28 03:18:54","0810","Casuarina","NT","metro fringe","Samsung Galaxy S26 5G 256GB","Y","Choose a 2 hour window","SCHEDULED",11.99,"Delivered by 30 September",9.99,"Y","price tie - 3 non-Uber options at $9.99, first in DOM order used","ON_DEMAND_SCHEDULED","logo-alt",4,"Casuarina NT 0810","primary_20260927_v2.2.0_gha","2026-09-28 03:00","2.2.0","+0930","primary","s26",1,"","",26,"03:00"
"2026-09-28 03:19:12","0870","Alice Springs","NT","regional","Samsung Galaxy S26 5G 256GB","N","","NONE","","","","N","No available stores found for the given location.","NO_STORE_REPORTED","",0,"Alice Springs NT 0870","primary_20260927_v2.2.0_gha","2026-09-28 03:00","2.2.0","+0930","primary","s26",1,"","",26,"03:00"
"2026-09-28 03:00:20","2000","Sydney","NSW","metro core","Samsung Galaxy S26 5G 256GB","Y","Choose a 2 hour window","SCHEDULED",11.99,"Delivered tomorrow",6.99,"Y","","ON_DEMAND_SCHEDULED","logo-alt",2,"Sydney NSW 2000","primary_20260927_v2.2.0_gha","2026-09-28 03:00","2.2.0","+0930","primary","s26",1,"","",26,"03:00"
"2026-09-28 03:00:44","2060","North Sydney","NSW","metro core","Samsung Galaxy S26 5G 256GB","Y","Choose a 2 hour window","SCHEDULED",11.99,"Delivered tomorrow",6.99,"Y","","ON_DEMAND_SCHEDULED","logo-alt",2,"North Sydney NSW 2060","primary_20260927_v2.2.0_gha","2026-09-28 03:00","2.2.0","+0930","primary","s26",1,"","",26,"03:00"
"2026-09-28 03:01:06","2170","Liverpool","NSW","metro fringe","Samsung Galaxy S26 5G 256GB","Y","Choose a 2 hour window","SCHEDULED",11.99,"Delivered tomorrow",6.99,"Y","","ON_DEMAND_SCHEDULED","logo-alt",2,"Liverpool NSW 2170","primary_20260927_v2.2.0_gha","2026-09-28 03:00","2.2.0","+0930","primary","s26",1,"","",26,"03:00"
"2026-09-28 03:01:55","2300","Newcastle","NSW","regional","Samsung Galaxy S26 5G 256GB","Y","Choose a 2 hour window","SCHEDULED",11.99,"Delivered by 2 October",6.99,"Y","","ON_DEMAND_SCHEDULED","logo-alt",4,"Newcastle NSW 2300","primary_20260927_v2.2.0_gha","2026-09-28 03:00","2.2.0","+0930","primary","s26",1,"","",26,"03:00"
"2026-09-28 03:02:40","2480","Lismore","NSW","regional","Samsung Galaxy S26 5G 256GB","N","","NONE","","Delivered by 29 September",9.99,"N","No on-demand option offered; price tie - 3 non-Uber options at $9.99, first in DOM order used","ON_DEMAND_UNAVAILABLE","",3,"Lismore NSW 2480","primary_20260927_v2.2.0_gha","2026-09-28 03:00","2.2.0","+0930","primary","s26",1,"","",26,"03:00"
"2026-09-28 03:17:46","2601","Canberra","ACT","metro core","Samsung Galaxy S26 5G 256GB","Y","Choose a 2 hour window","SCHEDULED",11.99,"Delivered by 30 September",6.99,"Y","","ON_DEMAND_SCHEDULED","logo-alt",4,"Canberra ACT 2601","primary_20260927_v2.2.0_gha","2026-09-28 03:00","2.2.0","+0930","primary","s26",1,"","",26,"03:00"
"2026-09-28 03:02:16","2650","Wagga Wagga","NSW","regional","Samsung Galaxy S26 5G 256GB","Y","Choose a 2 hour window","SCHEDULED",11.99,"Delivered by 29 September",9.99,"Y","price tie - 3 non-Uber options at $9.99, first in DOM order used","ON_DEMAND_SCHEDULED","logo-alt",4,"Wagga Wagga NSW 2650","primary_20260927_v2.2.0_gha","2026-09-28 03:00","2.2.0","+0930","primary","s26",1,"","",26,"03:00"
"2026-09-28 03:01:32","2750","Penrith","NSW","metro fringe","Samsung Galaxy S26 5G 256GB","Y","Choose a 2 hour window","SCHEDULED",11.99,"Delivered tomorrow",6.99,"Y","","ON_DEMAND_SCHEDULED","logo-alt",2,"Penrith NSW 2750","primary_20260927_v2.2.0_gha","2026-09-28 03:00","2.2.0","+0930","primary","s26",1,"","",26,"03:00"
"2026-09-28 03:18:08","2900","Greenway","ACT","metro fringe","Samsung Galaxy S26 5G 256GB","Y","Choose a 2 hour window","SCHEDULED",11.99,"Delivered by 30 September",6.99,"Y","","ON_DEMAND_SCHEDULED","logo-alt",4,"Greenway ACT 2900","primary_20260927_v2.2.0_gha","2026-09-28 03:00","2.2.0","+0930","primary","s26",1,"","",26,"03:00"
"2026-09-28 03:03:03","3000","Melbourne","VIC","metro core","Samsung Galaxy S26 5G 256GB","Y","Choose a 2 hour window","SCHEDULED",11.99,"Delivered tomorrow",6.99,"Y","","ON_DEMAND_SCHEDULED","logo-alt",2,"Melbourne VIC 3000","primary_20260927_v2.2.0_gha","2026-09-28 03:00","2.2.0","+0930","primary","s26",1,"","",26,"03:00"
"2026-09-28 03:03:58","3030","Point Cook","VIC","metro fringe","Samsung Galaxy S26 5G 256GB","Y","Choose a 2 hour window","SCHEDULED",11.99,"Delivered tomorrow",6.99,"Y","","ON_DEMAND_SCHEDULED","logo-alt",2,"Point Cook VIC 3030","primary_20260927_v2.2.0_gha","2026-09-28 03:00","2.2.0","+0930","primary","s26",1,"","",26,"03:00"
"2026-09-28 03:03:32","3121","Richmond","VIC","metro core","Samsung Galaxy S26 5G 256GB","Y","Choose a 2 hour window","SCHEDULED",11.99,"Delivered tomorrow",6.99,"Y","","ON_DEMAND_SCHEDULED","logo-alt",2,"Richmond VIC 3121","primary_20260927_v2.2.0_gha","2026-09-28 03:00","2.2.0","+0930","primary","s26",1,"","",26,"03:00"
"2026-09-28 03:04:22","3175","Dandenong","VIC","metro fringe","Samsung Galaxy S26 5G 256GB","Y","Choose a 2 hour window","SCHEDULED",11.99,"Delivered tomorrow",6.99,"Y","","ON_DEMAND_SCHEDULED","logo-alt",2,"Dandenong VIC 3175","primary_20260927_v2.2.0_gha","2026-09-28 03:00","2.2.0","+0930","primary","s26",1,"","",26,"03:00"
"2026-09-28 03:04:48","3220","Geelong","VIC","regional","Samsung Galaxy S26 5G 256GB","Y","Choose a 2 hour window","SCHEDULED",11.99,"Delivered tomorrow",6.99,"Y","","ON_DEMAND_SCHEDULED","logo-alt",2,"Geelong VIC 3220","primary_20260927_v2.2.0_gha","2026-09-28 03:00","2.2.0","+0930","primary","s26",1,"","",26,"03:00"
"2026-09-28 03:05:34","3350","Ballarat","VIC","regional","Samsung Galaxy S26 5G 256GB","Y","Choose a 2 hour window","SCHEDULED",11.99,"Delivered by 1 October",5.99,"Y","","ON_DEMAND_SCHEDULED","logo-alt",4,"Ballarat VIC 3350","primary_20260927_v2.2.0_gha","2026-09-28 03:00","2.2.0","+0930","primary","s26",1,"","",26,"03:00"
"2026-09-28 03:05:11","3550","Bendigo","VIC","regional","Samsung Galaxy S26 5G 256GB","Y","Choose a 2 hour window","SCHEDULED",11.99,"Delivered by 29 September",9.99,"Y","price tie - 3 non-Uber options at $9.99, first in DOM order used","ON_DEMAND_SCHEDULED","logo-alt",4,"Bendigo VIC 3550","primary_20260927_v2.2.0_gha","2026-09-28 03:00","2.2.0","+0930","primary","s26",1,"","",26,"03:00"
"2026-09-28 03:05:57","4000","Brisbane City","QLD","metro core","Samsung Galaxy S26 5G 256GB","Y","Choose a 2 hour window","SCHEDULED",11.99,"Delivered tomorrow",6.99,"Y","","ON_DEMAND_SCHEDULED","logo-alt",2,"Brisbane City QLD 4000","primary_20260927_v2.2.0_gha","2026-09-28 03:00","2.2.0","+0930","primary","s26",1,"","",26,"03:00"
"2026-09-28 03:06:20","4006","Fortitude Valley","QLD","metro core","Samsung Galaxy S26 5G 256GB","Y","Choose a 2 hour window","SCHEDULED",11.99,"Delivered tomorrow",6.99,"Y","","ON_DEMAND_SCHEDULED","logo-alt",2,"Fortitude Valley QLD 4006","primary_20260927_v2.2.0_gha","2026-09-28 03:00","2.2.0","+0930","primary","s26",1,"","",26,"03:00"
"2026-09-28 03:07:07","4178","Wynnum","QLD","metro fringe","Samsung Galaxy S26 5G 256GB","Y","Choose a 2 hour window","SCHEDULED",11.99,"Delivered tomorrow",6.99,"Y","","ON_DEMAND_SCHEDULED","logo-alt",2,"Wynnum QLD 4178","primary_20260927_v2.2.0_gha","2026-09-28 03:00","2.2.0","+0930","primary","s26",1,"","",26,"03:00"
"2026-09-28 03:06:42","4300","Springfield","QLD","metro fringe","Samsung Galaxy S26 5G 256GB","Y","Choose a 2 hour window","SCHEDULED",11.99,"Delivered tomorrow",6.99,"Y","","ON_DEMAND_SCHEDULED","logo-alt",2,"Springfield QLD 4300","primary_20260927_v2.2.0_gha","2026-09-28 03:00","2.2.0","+0930","primary","s26",1,"","",26,"03:00"
"2026-09-28 03:07:30","4350","Toowoomba City","QLD","regional","Samsung Galaxy S26 5G 256GB","Y","Choose a 2 hour window","SCHEDULED",11.99,"Delivered by 29 September",9.99,"Y","price tie - 3 non-Uber options at $9.99, first in DOM order used","ON_DEMAND_SCHEDULED","logo-alt",4,"Toowoomba City QLD 4350","primary_20260927_v2.2.0_gha","2026-09-28 03:00","2.2.0","+0930","primary","s26",1,"","",26,"03:00"
"2026-09-28 03:07:56","4740","Mackay","QLD","regional","Samsung Galaxy S26 5G 256GB","N","","NONE","","Delivered by 29 September",9.99,"N","No on-demand option offered; price tie - 3 non-Uber options at $9.99, first in DOM order used","ON_DEMAND_UNAVAILABLE","",3,"Mackay QLD 4740","primary_20260927_v2.2.0_gha","2026-09-28 03:00","2.2.0","+0930","primary","s26",1,"","",26,"03:00"
"2026-09-28 03:08:21","4870","Cairns","QLD","regional","Samsung Galaxy S26 5G 256GB","Y","Choose a 2 hour window","SCHEDULED",11.99,"Delivered by 29 September",9.99,"Y","price tie - 3 non-Uber options at $9.99, first in DOM order used","ON_DEMAND_SCHEDULED","logo-alt",4,"Cairns QLD 4870","primary_20260927_v2.2.0_gha","2026-09-28 03:00","2.2.0","+0930","primary","s26",1,"","",26,"03:00"
"2026-09-28 03:08:45","5000","Adelaide","SA","metro core","Samsung Galaxy S26 5G 256GB","Y","Choose a 2 hour window","SCHEDULED",11.99,"Delivered tomorrow",6.99,"Y","","ON_DEMAND_SCHEDULED","logo-alt",2,"Adelaide SA 5000","primary_20260927_v2.2.0_gha","2026-09-28 03:00","2.2.0","+0930","primary","s26",1,"","",26,"03:00"
"2026-09-28 03:10:02","5022","Grange","SA","metro fringe","Samsung Galaxy S26 5G 256GB","Y","Choose a 2 hour window","SCHEDULED",11.99,"Delivered tomorrow",6.99,"Y","","ON_DEMAND_SCHEDULED","logo-alt",2,"Grange SA 5022","primary_20260927_v2.2.0_gha","2026-09-28 03:00","2.2.0","+0930","primary","s26",1,"","",26,"03:00"
"2026-09-28 03:09:36","5034","Millswood","SA","metro core","Samsung Galaxy S26 5G 256GB","Y","Choose a 2 hour window","SCHEDULED",11.99,"Delivered tomorrow",6.99,"Y","","ON_DEMAND_SCHEDULED","logo-alt",2,"Millswood SA 5034","primary_20260927_v2.2.0_gha","2026-09-28 03:00","2.2.0","+0930","primary","s26",1,"","",26,"03:00"
"2026-09-28 03:09:14","5067","Norwood","SA","metro core","Samsung Galaxy S26 5G 256GB","Y","Choose a 2 hour window","SCHEDULED",11.99,"Delivered tomorrow",6.99,"Y","","ON_DEMAND_SCHEDULED","logo-alt",2,"Norwood SA 5067","primary_20260927_v2.2.0_gha","2026-09-28 03:00","2.2.0","+0930","primary","s26",1,"","",26,"03:00"
"2026-09-28 03:11:14","5095","Mawson Lakes","SA","metro fringe","Samsung Galaxy S26 5G 256GB","Y","Choose a 2 hour window","SCHEDULED",11.99,"Delivered tomorrow",6.99,"Y","","ON_DEMAND_SCHEDULED","logo-alt",2,"Mawson Lakes SA 5095","primary_20260927_v2.2.0_gha","2026-09-28 03:00","2.2.0","+0930","primary","s26",1,"","",26,"03:00"
"2026-09-28 03:10:25","5108","Salisbury","SA","metro fringe","Samsung Galaxy S26 5G 256GB","Y","Choose a 2 hour window","SCHEDULED",11.99,"Delivered tomorrow",6.99,"Y","","ON_DEMAND_SCHEDULED","logo-alt",2,"Salisbury SA 5108","primary_20260927_v2.2.0_gha","2026-09-28 03:00","2.2.0","+0930","primary","s26",1,"","",26,"03:00"
"2026-09-28 03:11:36","5114","Smithfield","SA","outer metro","Samsung Galaxy S26 5G 256GB","Y","Choose a 2 hour window","SCHEDULED",11.99,"Delivered tomorrow",6.99,"Y","","ON_DEMAND_SCHEDULED","logo-alt",2,"Smithfield SA 5114","primary_20260927_v2.2.0_gha","2026-09-28 03:00","2.2.0","+0930","primary","s26",1,"","",26,"03:00"
"2026-09-28 03:10:51","5162","Morphett Vale","SA","metro fringe","Samsung Galaxy S26 5G 256GB","Y","Choose a 2 hour window","SCHEDULED",11.99,"Delivered tomorrow",6.99,"Y","","ON_DEMAND_SCHEDULED","logo-alt",2,"Morphett Vale SA 5162","primary_20260927_v2.2.0_gha","2026-09-28 03:00","2.2.0","+0930","primary","s26",1,"","",26,"03:00"
"2026-09-28 03:12:01","5251","Mount Barker","SA","outer metro","Samsung Galaxy S26 5G 256GB","N","","NONE","","Delivered by 29 September",9.99,"N","No on-demand option offered; price tie - 3 non-Uber options at $9.99, first in DOM order used","ON_DEMAND_UNAVAILABLE","",3,"Mount Barker SA 5251","primary_20260927_v2.2.0_gha","2026-09-28 03:00","2.2.0","+0930","primary","s26",1,"","",26,"03:00"
"2026-09-28 03:12:26","5290","Mount Gambier","SA","regional","Samsung Galaxy S26 5G 256GB","N","","NONE","","Delivered by 29 September",9.99,"N","No on-demand option offered; price tie - 3 non-Uber options at $9.99, first in DOM order used","ON_DEMAND_UNAVAILABLE","",3,"Mount Gambier SA 5290","primary_20260927_v2.2.0_gha","2026-09-28 03:00","2.2.0","+0930","primary","s26",1,"","",26,"03:00"
"2026-09-28 03:13:09","5606","Port Lincoln","SA","regional","Samsung Galaxy S26 5G 256GB","N","","NONE","","","","N","No available stores found for the given location.","NO_STORE_REPORTED","",0,"Port Lincoln SA 5606","primary_20260927_v2.2.0_gha","2026-09-28 03:00","2.2.0","+0930","primary","s26",1,"","",26,"03:00"
"2026-09-28 03:12:48","5700","Port Augusta","SA","regional","Samsung Galaxy S26 5G 256GB","N","","NONE","","","","N","No available stores found for the given location.","NO_STORE_REPORTED","",0,"Port Augusta SA 5700","primary_20260927_v2.2.0_gha","2026-09-28 03:00","2.2.0","+0930","primary","s26",1,"","",26,"03:00"
"2026-09-28 03:13:32","6000","Perth","WA","metro core","Samsung Galaxy S26 5G 256GB","Y","Choose a 2 hour window","SCHEDULED",11.99,"Delivered tomorrow",6.99,"Y","","ON_DEMAND_SCHEDULED","logo-alt",2,"Perth WA 6000","primary_20260927_v2.2.0_gha","2026-09-28 03:00","2.2.0","+0930","primary","s26",1,"","",26,"03:00"
"2026-09-28 03:13:54","6008","Subiaco","WA","metro core","Samsung Galaxy S26 5G 256GB","Y","Choose a 2 hour window","SCHEDULED",11.99,"Delivered tomorrow",6.99,"Y","","ON_DEMAND_SCHEDULED","logo-alt",2,"Subiaco WA 6008","primary_20260927_v2.2.0_gha","2026-09-28 03:00","2.2.0","+0930","primary","s26",1,"","",26,"03:00"
"2026-09-28 03:14:39","6030","Clarkson","WA","metro fringe","Samsung Galaxy S26 5G 256GB","Y","Choose a 2 hour window","SCHEDULED",11.99,"Delivered tomorrow",6.99,"Y","","ON_DEMAND_SCHEDULED","logo-alt",2,"Clarkson WA 6030","primary_20260927_v2.2.0_gha","2026-09-28 03:00","2.2.0","+0930","primary","s26",1,"","",26,"03:00"
"2026-09-28 03:14:17","6164","Success","WA","metro fringe","Samsung Galaxy S26 5G 256GB","Y","Choose a 2 hour window","SCHEDULED",11.99,"Delivered tomorrow",6.99,"Y","","ON_DEMAND_SCHEDULED","logo-alt",2,"Success WA 6164","primary_20260927_v2.2.0_gha","2026-09-28 03:00","2.2.0","+0930","primary","s26",1,"","",26,"03:00"
"2026-09-28 03:15:08","6230","Bunbury","WA","regional","Samsung Galaxy S26 5G 256GB","Y","Choose a 2 hour window","SCHEDULED",11.99,"Delivered by 30 September",9.99,"Y","price tie - 3 non-Uber options at $9.99, first in DOM order used","ON_DEMAND_SCHEDULED","logo-alt",4,"Bunbury WA 6230","primary_20260927_v2.2.0_gha","2026-09-28 03:00","2.2.0","+0930","primary","s26",1,"","",26,"03:00"
"2026-09-28 03:15:29","6430","Kalgoorlie","WA","regional","Samsung Galaxy S26 5G 256GB","N","","NONE","","","","N","No available stores found for the given location.","NO_STORE_REPORTED","",0,"Kalgoorlie WA 6430","primary_20260927_v2.2.0_gha","2026-09-28 03:00","2.2.0","+0930","primary","s26",1,"","",26,"03:00"
"2026-09-28 03:15:48","6530","Geraldton","WA","regional","Samsung Galaxy S26 5G 256GB","N","","NONE","","","","N","No available stores found for the given location.","NO_STORE_REPORTED","",0,"Geraldton WA 6530","primary_20260927_v2.2.0_gha","2026-09-28 03:00","2.2.0","+0930","primary","s26",1,"","",26,"03:00"
"2026-09-28 03:16:13","7000","Hobart","TAS","metro core","Samsung Galaxy S26 5G 256GB","Y","Choose a 2 hour window","SCHEDULED",11.99,"Delivered by 30 September",6.99,"Y","","ON_DEMAND_SCHEDULED","logo-alt",4,"Hobart TAS 7000","primary_20260927_v2.2.0_gha","2026-09-28 03:00","2.2.0","+0930","primary","s26",1,"","",26,"03:00"
"2026-09-28 03:16:38","7010","Glenorchy","TAS","metro fringe","Samsung Galaxy S26 5G 256GB","Y","Choose a 2 hour window","SCHEDULED",11.99,"Delivered by 1 October",6.99,"Y","","ON_DEMAND_SCHEDULED","logo-alt",4,"Glenorchy TAS 7010","primary_20260927_v2.2.0_gha","2026-09-28 03:00","2.2.0","+0930","primary","s26",1,"","",26,"03:00"
"2026-09-28 03:17:01","7250","Launceston","TAS","regional","Samsung Galaxy S26 5G 256GB","Y","Choose a 2 hour window","SCHEDULED",11.99,"Delivered by 30 September",6.99,"Y","","ON_DEMAND_SCHEDULED","logo-alt",4,"Launceston TAS 7250","primary_20260927_v2.2.0_gha","2026-09-28 03:00","2.2.0","+0930","primary","s26",1,"","",26,"03:00"
"2026-09-28 03:17:24","7320","Burnie","TAS","regional","Samsung Galaxy S26 5G 256GB","N","","NONE","","Delivered by 30 September",6.99,"N","No on-demand option offered","ON_DEMAND_UNAVAILABLE","",3,"Burnie TAS 7320","primary_20260927_v2.2.0_gha","2026-09-28 03:00","2.2.0","+0930","primary","s26",1,"","",26,"03:00"
"2026-09-28 04:18:31","0800","Darwin City","NT","metro core","Samsung Galaxy S26 5G 256GB","Y","Choose a 2 hour window","SCHEDULED",11.99,"Delivered by 30 September",9.99,"Y","price tie - 3 non-Uber options at $9.99, first in DOM order used","ON_DEMAND_SCHEDULED","logo-alt",4,"Darwin City NT 0800","primary_20260927_v2.2.0_gha","2026-09-28 04:00","2.2.0","+0930","primary","s26",1,"","",27,"04:00"
"2026-09-28 04:18:56","0810","Casuarina","NT","metro fringe","Samsung Galaxy S26 5G 256GB","Y","Choose a 2 hour window","SCHEDULED",11.99,"Delivered by 30 September",9.99,"Y","price tie - 3 non-Uber options at $9.99, first in DOM order used","ON_DEMAND_SCHEDULED","logo-alt",4,"Casuarina NT 0810","primary_20260927_v2.2.0_gha","2026-09-28 04:00","2.2.0","+0930","primary","s26",1,"","",27,"04:00"
"2026-09-28 04:19:14","0870","Alice Springs","NT","regional","Samsung Galaxy S26 5G 256GB","N","","NONE","","","","N","No available stores found for the given location.","NO_STORE_REPORTED","",0,"Alice Springs NT 0870","primary_20260927_v2.2.0_gha","2026-09-28 04:00","2.2.0","+0930","primary","s26",1,"","",27,"04:00"
"2026-09-28 04:00:16","2000","Sydney","NSW","metro core","Samsung Galaxy S26 5G 256GB","Y","Choose a 2 hour window","SCHEDULED",11.99,"Delivered tomorrow",6.99,"Y","","ON_DEMAND_SCHEDULED","logo-alt",2,"Sydney NSW 2000","primary_20260927_v2.2.0_gha","2026-09-28 04:00","2.2.0","+0930","primary","s26",1,"","",27,"04:00"
"2026-09-28 04:00:42","2060","North Sydney","NSW","metro core","Samsung Galaxy S26 5G 256GB","Y","Choose a 2 hour window","SCHEDULED",11.99,"Delivered tomorrow",6.99,"Y","","ON_DEMAND_SCHEDULED","logo-alt",2,"North Sydney NSW 2060","primary_20260927_v2.2.0_gha","2026-09-28 04:00","2.2.0","+0930","primary","s26",1,"","",27,"04:00"
"2026-09-28 04:01:06","2170","Liverpool","NSW","metro fringe","Samsung Galaxy S26 5G 256GB","Y","Choose a 2 hour window","SCHEDULED",11.99,"Delivered tomorrow",6.99,"Y","","ON_DEMAND_SCHEDULED","logo-alt",2,"Liverpool NSW 2170","primary_20260927_v2.2.0_gha","2026-09-28 04:00","2.2.0","+0930","primary","s26",1,"","",27,"04:00"
"2026-09-28 04:01:50","2300","Newcastle","NSW","regional","Samsung Galaxy S26 5G 256GB","Y","Choose a 2 hour window","SCHEDULED",11.99,"Delivered by 2 October",6.99,"Y","","ON_DEMAND_SCHEDULED","logo-alt",4,"Newcastle NSW 2300","primary_20260927_v2.2.0_gha","2026-09-28 04:00","2.2.0","+0930","primary","s26",1,"","",27,"04:00"
"2026-09-28 04:02:42","2480","Lismore","NSW","regional","Samsung Galaxy S26 5G 256GB","N","","NONE","","Delivered by 29 September",9.99,"N","No on-demand option offered; price tie - 3 non-Uber options at $9.99, first in DOM order used","ON_DEMAND_UNAVAILABLE","",3,"Lismore NSW 2480","primary_20260927_v2.2.0_gha","2026-09-28 04:00","2.2.0","+0930","primary","s26",1,"","",27,"04:00"
"2026-09-28 04:17:45","2601","Canberra","ACT","metro core","Samsung Galaxy S26 5G 256GB","Y","Choose a 2 hour window","SCHEDULED",11.99,"Delivered by 30 September",6.99,"Y","","ON_DEMAND_SCHEDULED","logo-alt",4,"Canberra ACT 2601","primary_20260927_v2.2.0_gha","2026-09-28 04:00","2.2.0","+0930","primary","s26",1,"","",27,"04:00"
"2026-09-28 04:02:14","2650","Wagga Wagga","NSW","regional","Samsung Galaxy S26 5G 256GB","Y","Choose a 2 hour window","SCHEDULED",11.99,"Delivered by 29 September",9.99,"Y","price tie - 3 non-Uber options at $9.99, first in DOM order used","ON_DEMAND_SCHEDULED","logo-alt",4,"Wagga Wagga NSW 2650","primary_20260927_v2.2.0_gha","2026-09-28 04:00","2.2.0","+0930","primary","s26",1,"","",27,"04:00"
"2026-09-28 04:01:28","2750","Penrith","NSW","metro fringe","Samsung Galaxy S26 5G 256GB","Y","Choose a 2 hour window","SCHEDULED",11.99,"Delivered tomorrow",6.99,"Y","","ON_DEMAND_SCHEDULED","logo-alt",2,"Penrith NSW 2750","primary_20260927_v2.2.0_gha","2026-09-28 04:00","2.2.0","+0930","primary","s26",1,"","",27,"04:00"
"2026-09-28 04:18:10","2900","Greenway","ACT","metro fringe","Samsung Galaxy S26 5G 256GB","Y","Choose a 2 hour window","SCHEDULED",11.99,"Delivered by 30 September",6.99,"Y","","ON_DEMAND_SCHEDULED","logo-alt",4,"Greenway ACT 2900","primary_20260927_v2.2.0_gha","2026-09-28 04:00","2.2.0","+0930","primary","s26",1,"","",27,"04:00"
"2026-09-28 04:03:05","3000","Melbourne","VIC","metro core","Samsung Galaxy S26 5G 256GB","Y","Choose a 2 hour window","SCHEDULED",11.99,"Delivered tomorrow",6.99,"Y","","ON_DEMAND_SCHEDULED","logo-alt",2,"Melbourne VIC 3000","primary_20260927_v2.2.0_gha","2026-09-28 04:00","2.2.0","+0930","primary","s26",1,"","",27,"04:00"
"2026-09-28 04:03:52","3030","Point Cook","VIC","metro fringe","Samsung Galaxy S26 5G 256GB","Y","Choose a 2 hour window","SCHEDULED",11.99,"Delivered tomorrow",6.99,"Y","","ON_DEMAND_SCHEDULED","logo-alt",2,"Point Cook VIC 3030","primary_20260927_v2.2.0_gha","2026-09-28 04:00","2.2.0","+0930","primary","s26",1,"","",27,"04:00"
"2026-09-28 04:03:28","3121","Richmond","VIC","metro core","Samsung Galaxy S26 5G 256GB","Y","Choose a 2 hour window","SCHEDULED",11.99,"Delivered tomorrow",6.99,"Y","","ON_DEMAND_SCHEDULED","logo-alt",2,"Richmond VIC 3121","primary_20260927_v2.2.0_gha","2026-09-28 04:00","2.2.0","+0930","primary","s26",1,"","",27,"04:00"
"2026-09-28 04:04:18","3175","Dandenong","VIC","metro fringe","Samsung Galaxy S26 5G 256GB","Y","Choose a 2 hour window","SCHEDULED",11.99,"Delivered tomorrow",6.99,"Y","","ON_DEMAND_SCHEDULED","logo-alt",2,"Dandenong VIC 3175","primary_20260927_v2.2.0_gha","2026-09-28 04:00","2.2.0","+0930","primary","s26",1,"","",27,"04:00"
"2026-09-28 04:04:43","3220","Geelong","VIC","regional","Samsung Galaxy S26 5G 256GB","Y","Choose a 2 hour window","SCHEDULED",11.99,"Delivered tomorrow",6.99,"Y","","ON_DEMAND_SCHEDULED","logo-alt",2,"Geelong VIC 3220","primary_20260927_v2.2.0_gha","2026-09-28 04:00","2.2.0","+0930","primary","s26",1,"","",27,"04:00"
"2026-09-28 04:05:32","3350","Ballarat","VIC","regional","Samsung Galaxy S26 5G 256GB","Y","Choose a 2 hour window","SCHEDULED",11.99,"Delivered by 1 October",5.99,"Y","","ON_DEMAND_SCHEDULED","logo-alt",4,"Ballarat VIC 3350","primary_20260927_v2.2.0_gha","2026-09-28 04:00","2.2.0","+0930","primary","s26",1,"","",27,"04:00"
"2026-09-28 04:05:07","3550","Bendigo","VIC","regional","Samsung Galaxy S26 5G 256GB","Y","Choose a 2 hour window","SCHEDULED",11.99,"Delivered by 29 September",9.99,"Y","price tie - 3 non-Uber options at $9.99, first in DOM order used","ON_DEMAND_SCHEDULED","logo-alt",4,"Bendigo VIC 3550","primary_20260927_v2.2.0_gha","2026-09-28 04:00","2.2.0","+0930","primary","s26",1,"","",27,"04:00"
"2026-09-28 04:05:56","4000","Brisbane City","QLD","metro core","Samsung Galaxy S26 5G 256GB","Y","Choose a 2 hour window","SCHEDULED",11.99,"Delivered tomorrow",6.99,"Y","","ON_DEMAND_SCHEDULED","logo-alt",2,"Brisbane City QLD 4000","primary_20260927_v2.2.0_gha","2026-09-28 04:00","2.2.0","+0930","primary","s26",1,"","",27,"04:00"
"2026-09-28 04:06:27","4006","Fortitude Valley","QLD","metro core","Samsung Galaxy S26 5G 256GB","Y","Choose a 2 hour window","SCHEDULED",11.99,"Delivered tomorrow",6.99,"Y","","ON_DEMAND_SCHEDULED","logo-alt",2,"Fortitude Valley QLD 4006","primary_20260927_v2.2.0_gha","2026-09-28 04:00","2.2.0","+0930","primary","s26",1,"","",27,"04:00"
"2026-09-28 04:07:14","4178","Wynnum","QLD","metro fringe","Samsung Galaxy S26 5G 256GB","Y","Choose a 2 hour window","SCHEDULED",11.99,"Delivered tomorrow",6.99,"Y","","ON_DEMAND_SCHEDULED","logo-alt",2,"Wynnum QLD 4178","primary_20260927_v2.2.0_gha","2026-09-28 04:00","2.2.0","+0930","primary","s26",1,"","",27,"04:00"
"2026-09-28 04:06:49","4300","Springfield","QLD","metro fringe","Samsung Galaxy S26 5G 256GB","Y","Choose a 2 hour window","SCHEDULED",11.99,"Delivered tomorrow",6.99,"Y","","ON_DEMAND_SCHEDULED","logo-alt",2,"Springfield QLD 4300","primary_20260927_v2.2.0_gha","2026-09-28 04:00","2.2.0","+0930","primary","s26",1,"","",27,"04:00"
"2026-09-28 04:07:37","4350","Toowoomba City","QLD","regional","Samsung Galaxy S26 5G 256GB","Y","Choose a 2 hour window","SCHEDULED",11.99,"Delivered by 29 September",9.99,"Y","price tie - 3 non-Uber options at $9.99, first in DOM order used","ON_DEMAND_SCHEDULED","logo-alt",4,"Toowoomba City QLD 4350","primary_20260927_v2.2.0_gha","2026-09-28 04:00","2.2.0","+0930","primary","s26",1,"","",27,"04:00"
"2026-09-28 04:08:01","4740","Mackay","QLD","regional","Samsung Galaxy S26 5G 256GB","N","","NONE","","Delivered by 29 September",9.99,"N","No on-demand option offered; price tie - 3 non-Uber options at $9.99, first in DOM order used","ON_DEMAND_UNAVAILABLE","",3,"Mackay QLD 4740","primary_20260927_v2.2.0_gha","2026-09-28 04:00","2.2.0","+0930","primary","s26",1,"","",27,"04:00"
"2026-09-28 04:08:27","4870","Cairns","QLD","regional","Samsung Galaxy S26 5G 256GB","Y","Choose a 2 hour window","SCHEDULED",11.99,"Delivered by 29 September",9.99,"Y","price tie - 3 non-Uber options at $9.99, first in DOM order used","ON_DEMAND_SCHEDULED","logo-alt",4,"Cairns QLD 4870","primary_20260927_v2.2.0_gha","2026-09-28 04:00","2.2.0","+0930","primary","s26",1,"","",27,"04:00"
"2026-09-28 04:08:51","5000","Adelaide","SA","metro core","Samsung Galaxy S26 5G 256GB","Y","Choose a 2 hour window","SCHEDULED",11.99,"Delivered tomorrow",6.99,"Y","","ON_DEMAND_SCHEDULED","logo-alt",2,"Adelaide SA 5000","primary_20260927_v2.2.0_gha","2026-09-28 04:00","2.2.0","+0930","primary","s26",1,"","",27,"04:00"
"2026-09-28 04:10:06","5022","Grange","SA","metro fringe","Samsung Galaxy S26 5G 256GB","Y","Choose a 2 hour window","SCHEDULED",11.99,"Delivered tomorrow",6.99,"Y","","ON_DEMAND_SCHEDULED","logo-alt",2,"Grange SA 5022","primary_20260927_v2.2.0_gha","2026-09-28 04:00","2.2.0","+0930","primary","s26",1,"","",27,"04:00"
"2026-09-28 04:09:38","5034","Millswood","SA","metro core","Samsung Galaxy S26 5G 256GB","Y","Choose a 2 hour window","SCHEDULED",11.99,"Delivered tomorrow",6.99,"Y","","ON_DEMAND_SCHEDULED","logo-alt",2,"Millswood SA 5034","primary_20260927_v2.2.0_gha","2026-09-28 04:00","2.2.0","+0930","primary","s26",1,"","",27,"04:00"
"2026-09-28 04:09:13","5067","Norwood","SA","metro core","Samsung Galaxy S26 5G 256GB","Y","Choose a 2 hour window","SCHEDULED",11.99,"Delivered tomorrow",6.99,"Y","","ON_DEMAND_SCHEDULED","logo-alt",2,"Norwood SA 5067","primary_20260927_v2.2.0_gha","2026-09-28 04:00","2.2.0","+0930","primary","s26",1,"","",27,"04:00"
"2026-09-28 04:11:17","5095","Mawson Lakes","SA","metro fringe","Samsung Galaxy S26 5G 256GB","Y","Choose a 2 hour window","SCHEDULED",11.99,"Delivered tomorrow",6.99,"Y","","ON_DEMAND_SCHEDULED","logo-alt",2,"Mawson Lakes SA 5095","primary_20260927_v2.2.0_gha","2026-09-28 04:00","2.2.0","+0930","primary","s26",1,"","",27,"04:00"
"2026-09-28 04:10:30","5108","Salisbury","SA","metro fringe","Samsung Galaxy S26 5G 256GB","Y","Choose a 2 hour window","SCHEDULED",11.99,"Delivered tomorrow",6.99,"Y","","ON_DEMAND_SCHEDULED","logo-alt",2,"Salisbury SA 5108","primary_20260927_v2.2.0_gha","2026-09-28 04:00","2.2.0","+0930","primary","s26",1,"","",27,"04:00"
"2026-09-28 04:11:40","5114","Smithfield","SA","outer metro","Samsung Galaxy S26 5G 256GB","Y","Choose a 2 hour window","SCHEDULED",11.99,"Delivered tomorrow",6.99,"Y","","ON_DEMAND_SCHEDULED","logo-alt",2,"Smithfield SA 5114","primary_20260927_v2.2.0_gha","2026-09-28 04:00","2.2.0","+0930","primary","s26",1,"","",27,"04:00"
"2026-09-28 04:10:52","5162","Morphett Vale","SA","metro fringe","Samsung Galaxy S26 5G 256GB","Y","Choose a 2 hour window","SCHEDULED",11.99,"Delivered tomorrow",6.99,"Y","","ON_DEMAND_SCHEDULED","logo-alt",2,"Morphett Vale SA 5162","primary_20260927_v2.2.0_gha","2026-09-28 04:00","2.2.0","+0930","primary","s26",1,"","",27,"04:00"
"2026-09-28 04:12:02","5251","Mount Barker","SA","outer metro","Samsung Galaxy S26 5G 256GB","N","","NONE","","Delivered by 29 September",9.99,"N","No on-demand option offered; price tie - 3 non-Uber options at $9.99, first in DOM order used","ON_DEMAND_UNAVAILABLE","",3,"Mount Barker SA 5251","primary_20260927_v2.2.0_gha","2026-09-28 04:00","2.2.0","+0930","primary","s26",1,"","",27,"04:00"
"2026-09-28 04:12:26","5290","Mount Gambier","SA","regional","Samsung Galaxy S26 5G 256GB","N","","NONE","","Delivered by 29 September",9.99,"N","No on-demand option offered; price tie - 3 non-Uber options at $9.99, first in DOM order used","ON_DEMAND_UNAVAILABLE","",3,"Mount Gambier SA 5290","primary_20260927_v2.2.0_gha","2026-09-28 04:00","2.2.0","+0930","primary","s26",1,"","",27,"04:00"
"2026-09-28 04:13:06","5606","Port Lincoln","SA","regional","Samsung Galaxy S26 5G 256GB","N","","NONE","","","","N","No available stores found for the given location.","NO_STORE_REPORTED","",0,"Port Lincoln SA 5606","primary_20260927_v2.2.0_gha","2026-09-28 04:00","2.2.0","+0930","primary","s26",1,"","",27,"04:00"
"2026-09-28 04:12:45","5700","Port Augusta","SA","regional","Samsung Galaxy S26 5G 256GB","N","","NONE","","","","N","No available stores found for the given location.","NO_STORE_REPORTED","",0,"Port Augusta SA 5700","primary_20260927_v2.2.0_gha","2026-09-28 04:00","2.2.0","+0930","primary","s26",1,"","",27,"04:00"
"2026-09-28 04:13:29","6000","Perth","WA","metro core","Samsung Galaxy S26 5G 256GB","Y","Choose a 2 hour window","SCHEDULED",11.99,"Delivered tomorrow",6.99,"Y","","ON_DEMAND_SCHEDULED","logo-alt",2,"Perth WA 6000","primary_20260927_v2.2.0_gha","2026-09-28 04:00","2.2.0","+0930","primary","s26",1,"","",27,"04:00"
"2026-09-28 04:13:51","6008","Subiaco","WA","metro core","Samsung Galaxy S26 5G 256GB","Y","Choose a 2 hour window","SCHEDULED",11.99,"Delivered tomorrow",6.99,"Y","","ON_DEMAND_SCHEDULED","logo-alt",2,"Subiaco WA 6008","primary_20260927_v2.2.0_gha","2026-09-28 04:00","2.2.0","+0930","primary","s26",1,"","",27,"04:00"
"2026-09-28 04:14:37","6030","Clarkson","WA","metro fringe","Samsung Galaxy S26 5G 256GB","Y","Choose a 2 hour window","SCHEDULED",11.99,"Delivered tomorrow",6.99,"Y","","ON_DEMAND_SCHEDULED","logo-alt",2,"Clarkson WA 6030","primary_20260927_v2.2.0_gha","2026-09-28 04:00","2.2.0","+0930","primary","s26",1,"","",27,"04:00"
"2026-09-28 04:14:14","6164","Success","WA","metro fringe","Samsung Galaxy S26 5G 256GB","Y","Choose a 2 hour window","SCHEDULED",11.99,"Delivered tomorrow",6.99,"Y","","ON_DEMAND_SCHEDULED","logo-alt",2,"Success WA 6164","primary_20260927_v2.2.0_gha","2026-09-28 04:00","2.2.0","+0930","primary","s26",1,"","",27,"04:00"
"2026-09-28 04:14:58","6230","Bunbury","WA","regional","Samsung Galaxy S26 5G 256GB","Y","Choose a 2 hour window","SCHEDULED",11.99,"Delivered by 30 September",9.99,"Y","price tie - 3 non-Uber options at $9.99, first in DOM order used","ON_DEMAND_SCHEDULED","logo-alt",4,"Bunbury WA 6230","primary_20260927_v2.2.0_gha","2026-09-28 04:00","2.2.0","+0930","primary","s26",1,"","",27,"04:00"
"2026-09-28 04:15:20","6430","Kalgoorlie","WA","regional","Samsung Galaxy S26 5G 256GB","N","","NONE","","","","N","No available stores found for the given location.","NO_STORE_REPORTED","",0,"Kalgoorlie WA 6430","primary_20260927_v2.2.0_gha","2026-09-28 04:00","2.2.0","+0930","primary","s26",1,"","",27,"04:00"
"2026-09-28 04:15:40","6530","Geraldton","WA","regional","Samsung Galaxy S26 5G 256GB","N","","NONE","","","","N","No available stores found for the given location.","NO_STORE_REPORTED","",0,"Geraldton WA 6530","primary_20260927_v2.2.0_gha","2026-09-28 04:00","2.2.0","+0930","primary","s26",1,"","",27,"04:00"
"2026-09-28 04:16:05","7000","Hobart","TAS","metro core","Samsung Galaxy S26 5G 256GB","Y","Choose a 2 hour window","SCHEDULED",11.99,"Delivered by 30 September",6.99,"Y","","ON_DEMAND_SCHEDULED","logo-alt",4,"Hobart TAS 7000","primary_20260927_v2.2.0_gha","2026-09-28 04:00","2.2.0","+0930","primary","s26",1,"","",27,"04:00"
"2026-09-28 04:16:33","7010","Glenorchy","TAS","metro fringe","Samsung Galaxy S26 5G 256GB","Y","Choose a 2 hour window","SCHEDULED",11.99,"Delivered by 1 October",6.99,"Y","","ON_DEMAND_SCHEDULED","logo-alt",4,"Glenorchy TAS 7010","primary_20260927_v2.2.0_gha","2026-09-28 04:00","2.2.0","+0930","primary","s26",1,"","",27,"04:00"
"2026-09-28 04:16:57","7250","Launceston","TAS","regional","Samsung Galaxy S26 5G 256GB","Y","Choose a 2 hour window","SCHEDULED",11.99,"Delivered by 30 September",6.99,"Y","","ON_DEMAND_SCHEDULED","logo-alt",4,"Launceston TAS 7250","primary_20260927_v2.2.0_gha","2026-09-28 04:00","2.2.0","+0930","primary","s26",1,"","",27,"04:00"
"2026-09-28 04:17:21","7320","Burnie","TAS","regional","Samsung Galaxy S26 5G 256GB","N","","NONE","","Delivered by 30 September",6.99,"N","No on-demand option offered","ON_DEMAND_UNAVAILABLE","",3,"Burnie TAS 7320","primary_20260927_v2.2.0_gha","2026-09-28 04:00","2.2.0","+0930","primary","s26",1,"","",27,"04:00"
"2026-09-28 05:18:27","0800","Darwin City","NT","metro core","Samsung Galaxy S26 5G 256GB","Y","Choose a 2 hour window","SCHEDULED",11.99,"Delivered by 30 September",9.99,"Y","price tie - 3 non-Uber options at $9.99, first in DOM order used","ON_DEMAND_SCHEDULED","logo-alt",4,"Darwin City NT 0800","primary_20260927_v2.2.0_gha","2026-09-28 05:00","2.2.0","+0930","primary","s26",1,"","",28,"05:00"
"2026-09-28 05:18:52","0810","Casuarina","NT","metro fringe","Samsung Galaxy S26 5G 256GB","Y","Choose a 2 hour window","SCHEDULED",11.99,"Delivered by 30 September",9.99,"Y","price tie - 3 non-Uber options at $9.99, first in DOM order used","ON_DEMAND_SCHEDULED","logo-alt",4,"Casuarina NT 0810","primary_20260927_v2.2.0_gha","2026-09-28 05:00","2.2.0","+0930","primary","s26",1,"","",28,"05:00"
"2026-09-28 05:19:14","0870","Alice Springs","NT","regional","Samsung Galaxy S26 5G 256GB","N","","NONE","","","","N","No available stores found for the given location.","NO_STORE_REPORTED","",0,"Alice Springs NT 0870","primary_20260927_v2.2.0_gha","2026-09-28 05:00","2.2.0","+0930","primary","s26",1,"","",28,"05:00"
"2026-09-28 05:00:17","2000","Sydney","NSW","metro core","Samsung Galaxy S26 5G 256GB","Y","Choose a 2 hour window","SCHEDULED",11.99,"Delivered tomorrow",6.99,"Y","","ON_DEMAND_SCHEDULED","logo-alt",2,"Sydney NSW 2000","primary_20260927_v2.2.0_gha","2026-09-28 05:00","2.2.0","+0930","primary","s26",1,"","",28,"05:00"
"2026-09-28 05:00:40","2060","North Sydney","NSW","metro core","Samsung Galaxy S26 5G 256GB","Y","Choose a 2 hour window","SCHEDULED",11.99,"Delivered tomorrow",6.99,"Y","","ON_DEMAND_SCHEDULED","logo-alt",2,"North Sydney NSW 2060","primary_20260927_v2.2.0_gha","2026-09-28 05:00","2.2.0","+0930","primary","s26",1,"","",28,"05:00"
"2026-09-28 05:01:07","2170","Liverpool","NSW","metro fringe","Samsung Galaxy S26 5G 256GB","Y","Choose a 2 hour window","SCHEDULED",11.99,"Delivered tomorrow",6.99,"Y","","ON_DEMAND_SCHEDULED","logo-alt",2,"Liverpool NSW 2170","primary_20260927_v2.2.0_gha","2026-09-28 05:00","2.2.0","+0930","primary","s26",1,"","",28,"05:00"
"2026-09-28 05:01:51","2300","Newcastle","NSW","regional","Samsung Galaxy S26 5G 256GB","Y","Choose a 2 hour window","SCHEDULED",11.99,"Delivered by 2 October",6.99,"Y","","ON_DEMAND_SCHEDULED","logo-alt",4,"Newcastle NSW 2300","primary_20260927_v2.2.0_gha","2026-09-28 05:00","2.2.0","+0930","primary","s26",1,"","",28,"05:00"
"2026-09-28 05:02:41","2480","Lismore","NSW","regional","Samsung Galaxy S26 5G 256GB","N","","NONE","","Delivered by 29 September",9.99,"N","No on-demand option offered; price tie - 3 non-Uber options at $9.99, first in DOM order used","ON_DEMAND_UNAVAILABLE","",3,"Lismore NSW 2480","primary_20260927_v2.2.0_gha","2026-09-28 05:00","2.2.0","+0930","primary","s26",1,"","",28,"05:00"
"2026-09-28 05:17:40","2601","Canberra","ACT","metro core","Samsung Galaxy S26 5G 256GB","Y","Choose a 2 hour window","SCHEDULED",11.99,"Delivered by 30 September",6.99,"Y","","ON_DEMAND_SCHEDULED","logo-alt",4,"Canberra ACT 2601","primary_20260927_v2.2.0_gha","2026-09-28 05:00","2.2.0","+0930","primary","s26",1,"","",28,"05:00"
"2026-09-28 05:02:16","2650","Wagga Wagga","NSW","regional","Samsung Galaxy S26 5G 256GB","Y","Choose a 2 hour window","SCHEDULED",11.99,"Delivered by 29 September",9.99,"Y","price tie - 3 non-Uber options at $9.99, first in DOM order used","ON_DEMAND_SCHEDULED","logo-alt",4,"Wagga Wagga NSW 2650","primary_20260927_v2.2.0_gha","2026-09-28 05:00","2.2.0","+0930","primary","s26",1,"","",28,"05:00"
"2026-09-28 05:01:29","2750","Penrith","NSW","metro fringe","Samsung Galaxy S26 5G 256GB","Y","Choose a 2 hour window","SCHEDULED",11.99,"Delivered tomorrow",6.99,"Y","","ON_DEMAND_SCHEDULED","logo-alt",2,"Penrith NSW 2750","primary_20260927_v2.2.0_gha","2026-09-28 05:00","2.2.0","+0930","primary","s26",1,"","",28,"05:00"
"2026-09-28 05:18:04","2900","Greenway","ACT","metro fringe","Samsung Galaxy S26 5G 256GB","Y","Choose a 2 hour window","SCHEDULED",11.99,"Delivered by 30 September",6.99,"Y","","ON_DEMAND_SCHEDULED","logo-alt",4,"Greenway ACT 2900","primary_20260927_v2.2.0_gha","2026-09-28 05:00","2.2.0","+0930","primary","s26",1,"","",28,"05:00"
"2026-09-28 05:03:05","3000","Melbourne","VIC","metro core","Samsung Galaxy S26 5G 256GB","Y","Choose a 2 hour window","SCHEDULED",11.99,"Delivered tomorrow",6.99,"Y","","ON_DEMAND_SCHEDULED","logo-alt",2,"Melbourne VIC 3000","primary_20260927_v2.2.0_gha","2026-09-28 05:00","2.2.0","+0930","primary","s26",1,"","",28,"05:00"
"2026-09-28 05:03:54","3030","Point Cook","VIC","metro fringe","Samsung Galaxy S26 5G 256GB","Y","Choose a 2 hour window","SCHEDULED",11.99,"Delivered tomorrow",6.99,"Y","","ON_DEMAND_SCHEDULED","logo-alt",2,"Point Cook VIC 3030","primary_20260927_v2.2.0_gha","2026-09-28 05:00","2.2.0","+0930","primary","s26",1,"","",28,"05:00"
"2026-09-28 05:03:29","3121","Richmond","VIC","metro core","Samsung Galaxy S26 5G 256GB","Y","Choose a 2 hour window","SCHEDULED",11.99,"Delivered tomorrow",6.99,"Y","","ON_DEMAND_SCHEDULED","logo-alt",2,"Richmond VIC 3121","primary_20260927_v2.2.0_gha","2026-09-28 05:00","2.2.0","+0930","primary","s26",1,"","",28,"05:00"
"2026-09-28 05:04:17","3175","Dandenong","VIC","metro fringe","Samsung Galaxy S26 5G 256GB","Y","Choose a 2 hour window","SCHEDULED",11.99,"Delivered tomorrow",6.99,"Y","","ON_DEMAND_SCHEDULED","logo-alt",2,"Dandenong VIC 3175","primary_20260927_v2.2.0_gha","2026-09-28 05:00","2.2.0","+0930","primary","s26",1,"","",28,"05:00"
"2026-09-28 05:04:41","3220","Geelong","VIC","regional","Samsung Galaxy S26 5G 256GB","Y","Choose a 2 hour window","SCHEDULED",11.99,"Delivered tomorrow",6.99,"Y","","ON_DEMAND_SCHEDULED","logo-alt",2,"Geelong VIC 3220","primary_20260927_v2.2.0_gha","2026-09-28 05:00","2.2.0","+0930","primary","s26",1,"","",28,"05:00"
"2026-09-28 05:05:31","3350","Ballarat","VIC","regional","Samsung Galaxy S26 5G 256GB","Y","Choose a 2 hour window","SCHEDULED",11.99,"Delivered by 30 September",5.99,"Y","","ON_DEMAND_SCHEDULED","logo-alt",4,"Ballarat VIC 3350","primary_20260927_v2.2.0_gha","2026-09-28 05:00","2.2.0","+0930","primary","s26",1,"","",28,"05:00"
"2026-09-28 05:05:06","3550","Bendigo","VIC","regional","Samsung Galaxy S26 5G 256GB","Y","Choose a 2 hour window","SCHEDULED",11.99,"Delivered by 29 September",9.99,"Y","price tie - 3 non-Uber options at $9.99, first in DOM order used","ON_DEMAND_SCHEDULED","logo-alt",4,"Bendigo VIC 3550","primary_20260927_v2.2.0_gha","2026-09-28 05:00","2.2.0","+0930","primary","s26",1,"","",28,"05:00"
"2026-09-28 05:05:55","4000","Brisbane City","QLD","metro core","Samsung Galaxy S26 5G 256GB","Y","Choose a 2 hour window","SCHEDULED",11.99,"Delivered tomorrow",6.99,"Y","","ON_DEMAND_SCHEDULED","logo-alt",2,"Brisbane City QLD 4000","primary_20260927_v2.2.0_gha","2026-09-28 05:00","2.2.0","+0930","primary","s26",1,"","",28,"05:00"
"2026-09-28 05:06:18","4006","Fortitude Valley","QLD","metro core","Samsung Galaxy S26 5G 256GB","Y","Choose a 2 hour window","SCHEDULED",11.99,"Delivered tomorrow",6.99,"Y","","ON_DEMAND_SCHEDULED","logo-alt",2,"Fortitude Valley QLD 4006","primary_20260927_v2.2.0_gha","2026-09-28 05:00","2.2.0","+0930","primary","s26",1,"","",28,"05:00"
"2026-09-28 05:07:13","4178","Wynnum","QLD","metro fringe","Samsung Galaxy S26 5G 256GB","Y","Choose a 2 hour window","SCHEDULED",11.99,"Delivered tomorrow",6.99,"Y","","ON_DEMAND_SCHEDULED","logo-alt",2,"Wynnum QLD 4178","primary_20260927_v2.2.0_gha","2026-09-28 05:00","2.2.0","+0930","primary","s26",1,"","",28,"05:00"
"2026-09-28 05:06:41","4300","Springfield","QLD","metro fringe","Samsung Galaxy S26 5G 256GB","Y","Choose a 2 hour window","SCHEDULED",11.99,"Delivered tomorrow",6.99,"Y","","ON_DEMAND_SCHEDULED","logo-alt",2,"Springfield QLD 4300","primary_20260927_v2.2.0_gha","2026-09-28 05:00","2.2.0","+0930","primary","s26",1,"","",28,"05:00"
"2026-09-28 05:07:35","4350","Toowoomba City","QLD","regional","Samsung Galaxy S26 5G 256GB","Y","Choose a 2 hour window","SCHEDULED",11.99,"Delivered by 29 September",9.99,"Y","price tie - 3 non-Uber options at $9.99, first in DOM order used","ON_DEMAND_SCHEDULED","logo-alt",4,"Toowoomba City QLD 4350","primary_20260927_v2.2.0_gha","2026-09-28 05:00","2.2.0","+0930","primary","s26",1,"","",28,"05:00"
"2026-09-28 05:07:56","4740","Mackay","QLD","regional","Samsung Galaxy S26 5G 256GB","N","","NONE","","Delivered by 29 September",9.99,"N","No on-demand option offered; price tie - 3 non-Uber options at $9.99, first in DOM order used","ON_DEMAND_UNAVAILABLE","",3,"Mackay QLD 4740","primary_20260927_v2.2.0_gha","2026-09-28 05:00","2.2.0","+0930","primary","s26",1,"","",28,"05:00"
"2026-09-28 05:08:18","4870","Cairns","QLD","regional","Samsung Galaxy S26 5G 256GB","Y","Choose a 2 hour window","SCHEDULED",11.99,"Delivered by 29 September",9.99,"Y","price tie - 3 non-Uber options at $9.99, first in DOM order used","ON_DEMAND_SCHEDULED","logo-alt",4,"Cairns QLD 4870","primary_20260927_v2.2.0_gha","2026-09-28 05:00","2.2.0","+0930","primary","s26",1,"","",28,"05:00"
"2026-09-28 05:08:42","5000","Adelaide","SA","metro core","Samsung Galaxy S26 5G 256GB","Y","Choose a 2 hour window","SCHEDULED",11.99,"Delivered tomorrow",6.99,"Y","","ON_DEMAND_SCHEDULED","logo-alt",2,"Adelaide SA 5000","primary_20260927_v2.2.0_gha","2026-09-28 05:00","2.2.0","+0930","primary","s26",1,"","",28,"05:00"
"2026-09-28 05:09:53","5022","Grange","SA","metro fringe","Samsung Galaxy S26 5G 256GB","Y","Choose a 2 hour window","SCHEDULED",11.99,"Delivered tomorrow",6.99,"Y","","ON_DEMAND_SCHEDULED","logo-alt",2,"Grange SA 5022","primary_20260927_v2.2.0_gha","2026-09-28 05:00","2.2.0","+0930","primary","s26",1,"","",28,"05:00"
"2026-09-28 05:09:28","5034","Millswood","SA","metro core","Samsung Galaxy S26 5G 256GB","Y","Choose a 2 hour window","SCHEDULED",11.99,"Delivered tomorrow",6.99,"Y","","ON_DEMAND_SCHEDULED","logo-alt",2,"Millswood SA 5034","primary_20260927_v2.2.0_gha","2026-09-28 05:00","2.2.0","+0930","primary","s26",1,"","",28,"05:00"
"2026-09-28 05:09:03","5067","Norwood","SA","metro core","Samsung Galaxy S26 5G 256GB","Y","Choose a 2 hour window","SCHEDULED",11.99,"Delivered tomorrow",6.99,"Y","","ON_DEMAND_SCHEDULED","logo-alt",2,"Norwood SA 5067","primary_20260927_v2.2.0_gha","2026-09-28 05:00","2.2.0","+0930","primary","s26",1,"","",28,"05:00"
"2026-09-28 05:11:03","5095","Mawson Lakes","SA","metro fringe","Samsung Galaxy S26 5G 256GB","Y","Choose a 2 hour window","SCHEDULED",11.99,"Delivered tomorrow",6.99,"Y","","ON_DEMAND_SCHEDULED","logo-alt",2,"Mawson Lakes SA 5095","primary_20260927_v2.2.0_gha","2026-09-28 05:00","2.2.0","+0930","primary","s26",1,"","",28,"05:00"
"2026-09-28 05:10:18","5108","Salisbury","SA","metro fringe","Samsung Galaxy S26 5G 256GB","Y","Choose a 2 hour window","SCHEDULED",11.99,"Delivered tomorrow",6.99,"Y","","ON_DEMAND_SCHEDULED","logo-alt",2,"Salisbury SA 5108","primary_20260927_v2.2.0_gha","2026-09-28 05:00","2.2.0","+0930","primary","s26",1,"","",28,"05:00"
"2026-09-28 05:11:26","5114","Smithfield","SA","outer metro","Samsung Galaxy S26 5G 256GB","Y","Choose a 2 hour window","SCHEDULED",11.99,"Delivered tomorrow",6.99,"Y","","ON_DEMAND_SCHEDULED","logo-alt",2,"Smithfield SA 5114","primary_20260927_v2.2.0_gha","2026-09-28 05:00","2.2.0","+0930","primary","s26",1,"","",28,"05:00"
"2026-09-28 05:10:40","5162","Morphett Vale","SA","metro fringe","Samsung Galaxy S26 5G 256GB","Y","Choose a 2 hour window","SCHEDULED",11.99,"Delivered tomorrow",6.99,"Y","","ON_DEMAND_SCHEDULED","logo-alt",2,"Morphett Vale SA 5162","primary_20260927_v2.2.0_gha","2026-09-28 05:00","2.2.0","+0930","primary","s26",1,"","",28,"05:00"
"2026-09-28 05:11:47","5251","Mount Barker","SA","outer metro","Samsung Galaxy S26 5G 256GB","N","","NONE","","Delivered by 29 September",9.99,"N","No on-demand option offered; price tie - 3 non-Uber options at $9.99, first in DOM order used","ON_DEMAND_UNAVAILABLE","",3,"Mount Barker SA 5251","primary_20260927_v2.2.0_gha","2026-09-28 05:00","2.2.0","+0930","primary","s26",1,"","",28,"05:00"
"2026-09-28 05:12:12","5290","Mount Gambier","SA","regional","Samsung Galaxy S26 5G 256GB","N","","NONE","","Delivered by 29 September",9.99,"N","No on-demand option offered; price tie - 3 non-Uber options at $9.99, first in DOM order used","ON_DEMAND_UNAVAILABLE","",3,"Mount Gambier SA 5290","primary_20260927_v2.2.0_gha","2026-09-28 05:00","2.2.0","+0930","primary","s26",1,"","",28,"05:00"
"2026-09-28 05:12:54","5606","Port Lincoln","SA","regional","Samsung Galaxy S26 5G 256GB","N","","NONE","","","","N","No available stores found for the given location.","NO_STORE_REPORTED","",0,"Port Lincoln SA 5606","primary_20260927_v2.2.0_gha","2026-09-28 05:00","2.2.0","+0930","primary","s26",1,"","",28,"05:00"
"2026-09-28 05:12:31","5700","Port Augusta","SA","regional","Samsung Galaxy S26 5G 256GB","N","","NONE","","","","N","No available stores found for the given location.","NO_STORE_REPORTED","",0,"Port Augusta SA 5700","primary_20260927_v2.2.0_gha","2026-09-28 05:00","2.2.0","+0930","primary","s26",1,"","",28,"05:00"
"2026-09-28 05:13:17","6000","Perth","WA","metro core","Samsung Galaxy S26 5G 256GB","Y","Choose a 2 hour window","SCHEDULED",11.99,"Delivered tomorrow",6.99,"Y","","ON_DEMAND_SCHEDULED","logo-alt",2,"Perth WA 6000","primary_20260927_v2.2.0_gha","2026-09-28 05:00","2.2.0","+0930","primary","s26",1,"","",28,"05:00"
"2026-09-28 05:13:42","6008","Subiaco","WA","metro core","Samsung Galaxy S26 5G 256GB","Y","Choose a 2 hour window","SCHEDULED",11.99,"Delivered tomorrow",6.99,"Y","","ON_DEMAND_SCHEDULED","logo-alt",2,"Subiaco WA 6008","primary_20260927_v2.2.0_gha","2026-09-28 05:00","2.2.0","+0930","primary","s26",1,"","",28,"05:00"
"2026-09-28 05:14:33","6030","Clarkson","WA","metro fringe","Samsung Galaxy S26 5G 256GB","Y","Choose a 2 hour window","SCHEDULED",11.99,"Delivered tomorrow",6.99,"Y","","ON_DEMAND_SCHEDULED","logo-alt",2,"Clarkson WA 6030","primary_20260927_v2.2.0_gha","2026-09-28 05:00","2.2.0","+0930","primary","s26",1,"","",28,"05:00"
"2026-09-28 05:14:08","6164","Success","WA","metro fringe","Samsung Galaxy S26 5G 256GB","Y","Choose a 2 hour window","SCHEDULED",11.99,"Delivered tomorrow",6.99,"Y","","ON_DEMAND_SCHEDULED","logo-alt",2,"Success WA 6164","primary_20260927_v2.2.0_gha","2026-09-28 05:00","2.2.0","+0930","primary","s26",1,"","",28,"05:00"
"2026-09-28 05:15:00","6230","Bunbury","WA","regional","Samsung Galaxy S26 5G 256GB","Y","Choose a 2 hour window","SCHEDULED",11.99,"Delivered by 30 September",9.99,"Y","price tie - 3 non-Uber options at $9.99, first in DOM order used","ON_DEMAND_SCHEDULED","logo-alt",4,"Bunbury WA 6230","primary_20260927_v2.2.0_gha","2026-09-28 05:00","2.2.0","+0930","primary","s26",1,"","",28,"05:00"
"2026-09-28 05:15:21","6430","Kalgoorlie","WA","regional","Samsung Galaxy S26 5G 256GB","N","","NONE","","","","N","No available stores found for the given location.","NO_STORE_REPORTED","",0,"Kalgoorlie WA 6430","primary_20260927_v2.2.0_gha","2026-09-28 05:00","2.2.0","+0930","primary","s26",1,"","",28,"05:00"
"2026-09-28 05:15:41","6530","Geraldton","WA","regional","Samsung Galaxy S26 5G 256GB","N","","NONE","","","","N","No available stores found for the given location.","NO_STORE_REPORTED","",0,"Geraldton WA 6530","primary_20260927_v2.2.0_gha","2026-09-28 05:00","2.2.0","+0930","primary","s26",1,"","",28,"05:00"
"2026-09-28 05:16:06","7000","Hobart","TAS","metro core","Samsung Galaxy S26 5G 256GB","Y","Choose a 2 hour window","SCHEDULED",11.99,"Delivered by 30 September",6.99,"Y","","ON_DEMAND_SCHEDULED","logo-alt",4,"Hobart TAS 7000","primary_20260927_v2.2.0_gha","2026-09-28 05:00","2.2.0","+0930","primary","s26",1,"","",28,"05:00"
"2026-09-28 05:16:28","7010","Glenorchy","TAS","metro fringe","Samsung Galaxy S26 5G 256GB","Y","Choose a 2 hour window","SCHEDULED",11.99,"Delivered by 1 October",6.99,"Y","","ON_DEMAND_SCHEDULED","logo-alt",4,"Glenorchy TAS 7010","primary_20260927_v2.2.0_gha","2026-09-28 05:00","2.2.0","+0930","primary","s26",1,"","",28,"05:00"
"2026-09-28 05:16:51","7250","Launceston","TAS","regional","Samsung Galaxy S26 5G 256GB","Y","Choose a 2 hour window","SCHEDULED",11.99,"Delivered by 30 September",6.99,"Y","","ON_DEMAND_SCHEDULED","logo-alt",4,"Launceston TAS 7250","primary_20260927_v2.2.0_gha","2026-09-28 05:00","2.2.0","+0930","primary","s26",1,"","",28,"05:00"
"2026-09-28 05:17:16","7320","Burnie","TAS","regional","Samsung Galaxy S26 5G 256GB","N","","NONE","","Delivered by 30 September",6.99,"N","No on-demand option offered","ON_DEMAND_UNAVAILABLE","",3,"Burnie TAS 7320","primary_20260927_v2.2.0_gha","2026-09-28 05:00","2.2.0","+0930","primary","s26",1,"","",28,"05:00"
"2026-09-28 06:18:01","0800","Darwin City","NT","metro core","Samsung Galaxy S26 5G 256GB","Y","Choose a 2 hour window","SCHEDULED",11.99,"Delivered by 30 September",9.99,"Y","price tie - 3 non-Uber options at $9.99, first in DOM order used","ON_DEMAND_SCHEDULED","logo-alt",4,"Darwin City NT 0800","primary_20260927_v2.2.0_gha","2026-09-28 06:00","2.2.0","+0930","primary","s26",1,"","",29,"06:00"
"2026-09-28 06:18:24","0810","Casuarina","NT","metro fringe","Samsung Galaxy S26 5G 256GB","Y","Choose a 2 hour window","SCHEDULED",11.99,"Delivered by 30 September",9.99,"Y","price tie - 3 non-Uber options at $9.99, first in DOM order used","ON_DEMAND_SCHEDULED","logo-alt",4,"Casuarina NT 0810","primary_20260927_v2.2.0_gha","2026-09-28 06:00","2.2.0","+0930","primary","s26",1,"","",29,"06:00"
"2026-09-28 06:18:42","0870","Alice Springs","NT","regional","Samsung Galaxy S26 5G 256GB","N","","NONE","","","","N","No available stores found for the given location.","NO_STORE_REPORTED","",0,"Alice Springs NT 0870","primary_20260927_v2.2.0_gha","2026-09-28 06:00","2.2.0","+0930","primary","s26",1,"","",29,"06:00"
"2026-09-28 06:00:19","2000","Sydney","NSW","metro core","Samsung Galaxy S26 5G 256GB","Y","Choose a 2 hour window","SCHEDULED",11.99,"Delivered tomorrow",6.99,"Y","","ON_DEMAND_SCHEDULED","logo-alt",2,"Sydney NSW 2000","primary_20260927_v2.2.0_gha","2026-09-28 06:00","2.2.0","+0930","primary","s26",1,"","",29,"06:00"
"2026-09-28 06:00:44","2060","North Sydney","NSW","metro core","Samsung Galaxy S26 5G 256GB","Y","Choose a 2 hour window","SCHEDULED",11.99,"Delivered tomorrow",6.99,"Y","","ON_DEMAND_SCHEDULED","logo-alt",2,"North Sydney NSW 2060","primary_20260927_v2.2.0_gha","2026-09-28 06:00","2.2.0","+0930","primary","s26",1,"","",29,"06:00"
"2026-09-28 06:01:08","2170","Liverpool","NSW","metro fringe","Samsung Galaxy S26 5G 256GB","Y","Choose a 2 hour window","SCHEDULED",11.99,"Delivered tomorrow",6.99,"Y","","ON_DEMAND_SCHEDULED","logo-alt",2,"Liverpool NSW 2170","primary_20260927_v2.2.0_gha","2026-09-28 06:00","2.2.0","+0930","primary","s26",1,"","",29,"06:00"
"2026-09-28 06:01:55","2300","Newcastle","NSW","regional","Samsung Galaxy S26 5G 256GB","Y","Choose a 2 hour window","SCHEDULED",11.99,"Delivered by 2 October",6.99,"Y","","ON_DEMAND_SCHEDULED","logo-alt",4,"Newcastle NSW 2300","primary_20260927_v2.2.0_gha","2026-09-28 06:00","2.2.0","+0930","primary","s26",1,"","",29,"06:00"
"2026-09-28 06:02:38","2480","Lismore","NSW","regional","Samsung Galaxy S26 5G 256GB","N","","NONE","","Delivered by 29 September",9.99,"N","No on-demand option offered; price tie - 3 non-Uber options at $9.99, first in DOM order used","ON_DEMAND_UNAVAILABLE","",3,"Lismore NSW 2480","primary_20260927_v2.2.0_gha","2026-09-28 06:00","2.2.0","+0930","primary","s26",1,"","",29,"06:00"
"2026-09-28 06:17:12","2601","Canberra","ACT","metro core","Samsung Galaxy S26 5G 256GB","Y","Choose a 2 hour window","SCHEDULED",11.99,"Delivered by 30 September",6.99,"Y","","ON_DEMAND_SCHEDULED","logo-alt",4,"Canberra ACT 2601","primary_20260927_v2.2.0_gha","2026-09-28 06:00","2.2.0","+0930","primary","s26",1,"","",29,"06:00"
"2026-09-28 06:02:18","2650","Wagga Wagga","NSW","regional","Samsung Galaxy S26 5G 256GB","Y","Choose a 2 hour window","SCHEDULED",11.99,"Delivered by 29 September",9.99,"Y","price tie - 3 non-Uber options at $9.99, first in DOM order used","ON_DEMAND_SCHEDULED","logo-alt",4,"Wagga Wagga NSW 2650","primary_20260927_v2.2.0_gha","2026-09-28 06:00","2.2.0","+0930","primary","s26",1,"","",29,"06:00"
"2026-09-28 06:01:32","2750","Penrith","NSW","metro fringe","Samsung Galaxy S26 5G 256GB","Y","Choose a 2 hour window","SCHEDULED",11.99,"Delivered tomorrow",6.99,"Y","","ON_DEMAND_SCHEDULED","logo-alt",2,"Penrith NSW 2750","primary_20260927_v2.2.0_gha","2026-09-28 06:00","2.2.0","+0930","primary","s26",1,"","",29,"06:00"
"2026-09-28 06:17:37","2900","Greenway","ACT","metro fringe","Samsung Galaxy S26 5G 256GB","Y","Choose a 2 hour window","SCHEDULED",11.99,"Delivered by 30 September",6.99,"Y","","ON_DEMAND_SCHEDULED","logo-alt",4,"Greenway ACT 2900","primary_20260927_v2.2.0_gha","2026-09-28 06:00","2.2.0","+0930","primary","s26",1,"","",29,"06:00"
"2026-09-28 06:03:01","3000","Melbourne","VIC","metro core","Samsung Galaxy S26 5G 256GB","Y","Choose a 2 hour window","SCHEDULED",11.99,"Delivered tomorrow",6.99,"Y","","ON_DEMAND_SCHEDULED","logo-alt",2,"Melbourne VIC 3000","primary_20260927_v2.2.0_gha","2026-09-28 06:00","2.2.0","+0930","primary","s26",1,"","",29,"06:00"
"2026-09-28 06:03:47","3030","Point Cook","VIC","metro fringe","Samsung Galaxy S26 5G 256GB","Y","Choose a 2 hour window","SCHEDULED",11.99,"Delivered tomorrow",6.99,"Y","","ON_DEMAND_SCHEDULED","logo-alt",2,"Point Cook VIC 3030","primary_20260927_v2.2.0_gha","2026-09-28 06:00","2.2.0","+0930","primary","s26",1,"","",29,"06:00"
"2026-09-28 06:03:22","3121","Richmond","VIC","metro core","Samsung Galaxy S26 5G 256GB","Y","Choose a 2 hour window","SCHEDULED",11.99,"Delivered tomorrow",6.99,"Y","","ON_DEMAND_SCHEDULED","logo-alt",2,"Richmond VIC 3121","primary_20260927_v2.2.0_gha","2026-09-28 06:00","2.2.0","+0930","primary","s26",1,"","",29,"06:00"
"2026-09-28 06:04:12","3175","Dandenong","VIC","metro fringe","Samsung Galaxy S26 5G 256GB","Y","Choose a 2 hour window","SCHEDULED",11.99,"Delivered tomorrow",6.99,"Y","","ON_DEMAND_SCHEDULED","logo-alt",2,"Dandenong VIC 3175","primary_20260927_v2.2.0_gha","2026-09-28 06:00","2.2.0","+0930","primary","s26",1,"","",29,"06:00"
"2026-09-28 06:04:37","3220","Geelong","VIC","regional","Samsung Galaxy S26 5G 256GB","Y","Choose a 2 hour window","SCHEDULED",11.99,"Delivered tomorrow",6.99,"Y","","ON_DEMAND_SCHEDULED","logo-alt",2,"Geelong VIC 3220","primary_20260927_v2.2.0_gha","2026-09-28 06:00","2.2.0","+0930","primary","s26",1,"","",29,"06:00"
"2026-09-28 06:05:23","3350","Ballarat","VIC","regional","Samsung Galaxy S26 5G 256GB","Y","Choose a 2 hour window","SCHEDULED",11.99,"Delivered by 30 September",5.99,"Y","","ON_DEMAND_SCHEDULED","logo-alt",4,"Ballarat VIC 3350","primary_20260927_v2.2.0_gha","2026-09-28 06:00","2.2.0","+0930","primary","s26",1,"","",29,"06:00"
"2026-09-28 06:05:00","3550","Bendigo","VIC","regional","Samsung Galaxy S26 5G 256GB","Y","Choose a 2 hour window","SCHEDULED",11.99,"Delivered by 29 September",9.99,"Y","price tie - 3 non-Uber options at $9.99, first in DOM order used","ON_DEMAND_SCHEDULED","logo-alt",4,"Bendigo VIC 3550","primary_20260927_v2.2.0_gha","2026-09-28 06:00","2.2.0","+0930","primary","s26",1,"","",29,"06:00"
"2026-09-28 06:05:49","4000","Brisbane City","QLD","metro core","Samsung Galaxy S26 5G 256GB","Y","Choose a 2 hour window","SCHEDULED",11.99,"Delivered tomorrow",6.99,"Y","","ON_DEMAND_SCHEDULED","logo-alt",2,"Brisbane City QLD 4000","primary_20260927_v2.2.0_gha","2026-09-28 06:00","2.2.0","+0930","primary","s26",1,"","",29,"06:00"
"2026-09-28 06:06:14","4006","Fortitude Valley","QLD","metro core","Samsung Galaxy S26 5G 256GB","Y","Choose a 2 hour window","SCHEDULED",11.99,"Delivered tomorrow",6.99,"Y","","ON_DEMAND_SCHEDULED","logo-alt",2,"Fortitude Valley QLD 4006","primary_20260927_v2.2.0_gha","2026-09-28 06:00","2.2.0","+0930","primary","s26",1,"","",29,"06:00"
"2026-09-28 06:07:01","4178","Wynnum","QLD","metro fringe","Samsung Galaxy S26 5G 256GB","Y","Choose a 2 hour window","SCHEDULED",11.99,"Delivered tomorrow",6.99,"Y","","ON_DEMAND_SCHEDULED","logo-alt",2,"Wynnum QLD 4178","primary_20260927_v2.2.0_gha","2026-09-28 06:00","2.2.0","+0930","primary","s26",1,"","",29,"06:00"
"2026-09-28 06:06:37","4300","Springfield","QLD","metro fringe","Samsung Galaxy S26 5G 256GB","Y","Choose a 2 hour window","SCHEDULED",11.99,"Delivered tomorrow",6.99,"Y","","ON_DEMAND_SCHEDULED","logo-alt",2,"Springfield QLD 4300","primary_20260927_v2.2.0_gha","2026-09-28 06:00","2.2.0","+0930","primary","s26",1,"","",29,"06:00"
"2026-09-28 06:07:25","4350","Toowoomba City","QLD","regional","Samsung Galaxy S26 5G 256GB","Y","Choose a 2 hour window","SCHEDULED",11.99,"Delivered by 29 September",9.99,"Y","price tie - 3 non-Uber options at $9.99, first in DOM order used","ON_DEMAND_SCHEDULED","logo-alt",4,"Toowoomba City QLD 4350","primary_20260927_v2.2.0_gha","2026-09-28 06:00","2.2.0","+0930","primary","s26",1,"","",29,"06:00"
"2026-09-28 06:07:49","4740","Mackay","QLD","regional","Samsung Galaxy S26 5G 256GB","N","","NONE","","Delivered by 29 September",9.99,"N","No on-demand option offered; price tie - 3 non-Uber options at $9.99, first in DOM order used","ON_DEMAND_UNAVAILABLE","",3,"Mackay QLD 4740","primary_20260927_v2.2.0_gha","2026-09-28 06:00","2.2.0","+0930","primary","s26",1,"","",29,"06:00"
"2026-09-28 06:08:12","4870","Cairns","QLD","regional","Samsung Galaxy S26 5G 256GB","Y","Choose a 2 hour window","SCHEDULED",11.99,"Delivered by 29 September",9.99,"Y","price tie - 3 non-Uber options at $9.99, first in DOM order used","ON_DEMAND_SCHEDULED","logo-alt",4,"Cairns QLD 4870","primary_20260927_v2.2.0_gha","2026-09-28 06:00","2.2.0","+0930","primary","s26",1,"","",29,"06:00"
"2026-09-28 06:08:34","5000","Adelaide","SA","metro core","Samsung Galaxy S26 5G 256GB","Y","Choose a 2 hour window","SCHEDULED",11.99,"Delivered tomorrow",6.99,"Y","","ON_DEMAND_SCHEDULED","logo-alt",2,"Adelaide SA 5000","primary_20260927_v2.2.0_gha","2026-09-28 06:00","2.2.0","+0930","primary","s26",1,"","",29,"06:00"
"2026-09-28 06:09:41","5022","Grange","SA","metro fringe","Samsung Galaxy S26 5G 256GB","Y","Choose a 2 hour window","SCHEDULED",11.99,"Delivered tomorrow",6.99,"Y","","ON_DEMAND_SCHEDULED","logo-alt",2,"Grange SA 5022","primary_20260927_v2.2.0_gha","2026-09-28 06:00","2.2.0","+0930","primary","s26",1,"","",29,"06:00"
"2026-09-28 06:09:20","5034","Millswood","SA","metro core","Samsung Galaxy S26 5G 256GB","Y","Choose a 2 hour window","SCHEDULED",11.99,"Delivered tomorrow",6.99,"Y","","ON_DEMAND_SCHEDULED","logo-alt",2,"Millswood SA 5034","primary_20260927_v2.2.0_gha","2026-09-28 06:00","2.2.0","+0930","primary","s26",1,"","",29,"06:00"
"2026-09-28 06:08:57","5067","Norwood","SA","metro core","Samsung Galaxy S26 5G 256GB","Y","Choose a 2 hour window","SCHEDULED",11.99,"Delivered tomorrow",6.99,"Y","","ON_DEMAND_SCHEDULED","logo-alt",2,"Norwood SA 5067","primary_20260927_v2.2.0_gha","2026-09-28 06:00","2.2.0","+0930","primary","s26",1,"","",29,"06:00"
"2026-09-28 06:10:53","5095","Mawson Lakes","SA","metro fringe","Samsung Galaxy S26 5G 256GB","Y","Choose a 2 hour window","SCHEDULED",11.99,"Delivered tomorrow",6.99,"Y","","ON_DEMAND_SCHEDULED","logo-alt",2,"Mawson Lakes SA 5095","primary_20260927_v2.2.0_gha","2026-09-28 06:00","2.2.0","+0930","primary","s26",1,"","",29,"06:00"
"2026-09-28 06:10:06","5108","Salisbury","SA","metro fringe","Samsung Galaxy S26 5G 256GB","Y","Choose a 2 hour window","SCHEDULED",11.99,"Delivered tomorrow",6.99,"Y","","ON_DEMAND_SCHEDULED","logo-alt",2,"Salisbury SA 5108","primary_20260927_v2.2.0_gha","2026-09-28 06:00","2.2.0","+0930","primary","s26",1,"","",29,"06:00"
"2026-09-28 06:11:18","5114","Smithfield","SA","outer metro","Samsung Galaxy S26 5G 256GB","Y","Choose a 2 hour window","SCHEDULED",11.99,"Delivered tomorrow",6.99,"Y","","ON_DEMAND_SCHEDULED","logo-alt",2,"Smithfield SA 5114","primary_20260927_v2.2.0_gha","2026-09-28 06:00","2.2.0","+0930","primary","s26",1,"","",29,"06:00"
"2026-09-28 06:10:28","5162","Morphett Vale","SA","metro fringe","Samsung Galaxy S26 5G 256GB","Y","Choose a 2 hour window","SCHEDULED",11.99,"Delivered tomorrow",6.99,"Y","","ON_DEMAND_SCHEDULED","logo-alt",2,"Morphett Vale SA 5162","primary_20260927_v2.2.0_gha","2026-09-28 06:00","2.2.0","+0930","primary","s26",1,"","",29,"06:00"
"2026-09-28 06:11:39","5251","Mount Barker","SA","outer metro","Samsung Galaxy S26 5G 256GB","N","","NONE","","Delivered by 29 September",9.99,"N","No on-demand option offered; price tie - 3 non-Uber options at $9.99, first in DOM order used","ON_DEMAND_UNAVAILABLE","",3,"Mount Barker SA 5251","primary_20260927_v2.2.0_gha","2026-09-28 06:00","2.2.0","+0930","primary","s26",1,"","",29,"06:00"
"2026-09-28 06:12:00","5290","Mount Gambier","SA","regional","Samsung Galaxy S26 5G 256GB","N","","NONE","","Delivered by 29 September",9.99,"N","No on-demand option offered; price tie - 3 non-Uber options at $9.99, first in DOM order used","ON_DEMAND_UNAVAILABLE","",3,"Mount Gambier SA 5290","primary_20260927_v2.2.0_gha","2026-09-28 06:00","2.2.0","+0930","primary","s26",1,"","",29,"06:00"
"2026-09-28 06:12:38","5606","Port Lincoln","SA","regional","Samsung Galaxy S26 5G 256GB","N","","NONE","","","","N","No available stores found for the given location.","NO_STORE_REPORTED","",0,"Port Lincoln SA 5606","primary_20260927_v2.2.0_gha","2026-09-28 06:00","2.2.0","+0930","primary","s26",1,"","",29,"06:00"
"2026-09-28 06:12:19","5700","Port Augusta","SA","regional","Samsung Galaxy S26 5G 256GB","N","","NONE","","","","N","No available stores found for the given location.","NO_STORE_REPORTED","",0,"Port Augusta SA 5700","primary_20260927_v2.2.0_gha","2026-09-28 06:00","2.2.0","+0930","primary","s26",1,"","",29,"06:00"
"2026-09-28 06:13:01","6000","Perth","WA","metro core","Samsung Galaxy S26 5G 256GB","Y","Choose a 2 hour window","SCHEDULED",11.99,"Delivered tomorrow",6.99,"Y","","ON_DEMAND_SCHEDULED","logo-alt",2,"Perth WA 6000","primary_20260927_v2.2.0_gha","2026-09-28 06:00","2.2.0","+0930","primary","s26",1,"","",29,"06:00"
"2026-09-28 06:13:23","6008","Subiaco","WA","metro core","Samsung Galaxy S26 5G 256GB","Y","Choose a 2 hour window","SCHEDULED",11.99,"Delivered tomorrow",6.99,"Y","","ON_DEMAND_SCHEDULED","logo-alt",2,"Subiaco WA 6008","primary_20260927_v2.2.0_gha","2026-09-28 06:00","2.2.0","+0930","primary","s26",1,"","",29,"06:00"
"2026-09-28 06:14:12","6030","Clarkson","WA","metro fringe","Samsung Galaxy S26 5G 256GB","Y","Choose a 2 hour window","SCHEDULED",11.99,"Delivered tomorrow",6.99,"Y","","ON_DEMAND_SCHEDULED","logo-alt",2,"Clarkson WA 6030","primary_20260927_v2.2.0_gha","2026-09-28 06:00","2.2.0","+0930","primary","s26",1,"","",29,"06:00"
"2026-09-28 06:13:48","6164","Success","WA","metro fringe","Samsung Galaxy S26 5G 256GB","Y","Choose a 2 hour window","SCHEDULED",11.99,"Delivered tomorrow",6.99,"Y","","ON_DEMAND_SCHEDULED","logo-alt",2,"Success WA 6164","primary_20260927_v2.2.0_gha","2026-09-28 06:00","2.2.0","+0930","primary","s26",1,"","",29,"06:00"
"2026-09-28 06:14:36","6230","Bunbury","WA","regional","Samsung Galaxy S26 5G 256GB","Y","Choose a 2 hour window","SCHEDULED",11.99,"Delivered by 30 September",9.99,"Y","price tie - 3 non-Uber options at $9.99, first in DOM order used","ON_DEMAND_SCHEDULED","logo-alt",4,"Bunbury WA 6230","primary_20260927_v2.2.0_gha","2026-09-28 06:00","2.2.0","+0930","primary","s26",1,"","",29,"06:00"
"2026-09-28 06:14:55","6430","Kalgoorlie","WA","regional","Samsung Galaxy S26 5G 256GB","N","","NONE","","","","N","No available stores found for the given location.","NO_STORE_REPORTED","",0,"Kalgoorlie WA 6430","primary_20260927_v2.2.0_gha","2026-09-28 06:00","2.2.0","+0930","primary","s26",1,"","",29,"06:00"
"2026-09-28 06:15:17","6530","Geraldton","WA","regional","Samsung Galaxy S26 5G 256GB","N","","NONE","","","","N","No available stores found for the given location.","NO_STORE_REPORTED","",0,"Geraldton WA 6530","primary_20260927_v2.2.0_gha","2026-09-28 06:00","2.2.0","+0930","primary","s26",1,"","",29,"06:00"
"2026-09-28 06:15:39","7000","Hobart","TAS","metro core","Samsung Galaxy S26 5G 256GB","Y","Choose a 2 hour window","SCHEDULED",11.99,"Delivered by 30 September",6.99,"Y","","ON_DEMAND_SCHEDULED","logo-alt",4,"Hobart TAS 7000","primary_20260927_v2.2.0_gha","2026-09-28 06:00","2.2.0","+0930","primary","s26",1,"","",29,"06:00"
"2026-09-28 06:16:02","7010","Glenorchy","TAS","metro fringe","Samsung Galaxy S26 5G 256GB","Y","Choose a 2 hour window","SCHEDULED",11.99,"Delivered by 1 October",6.99,"Y","","ON_DEMAND_SCHEDULED","logo-alt",4,"Glenorchy TAS 7010","primary_20260927_v2.2.0_gha","2026-09-28 06:00","2.2.0","+0930","primary","s26",1,"","",29,"06:00"
"2026-09-28 06:16:24","7250","Launceston","TAS","regional","Samsung Galaxy S26 5G 256GB","Y","Choose a 2 hour window","SCHEDULED",11.99,"Delivered by 30 September",6.99,"Y","","ON_DEMAND_SCHEDULED","logo-alt",4,"Launceston TAS 7250","primary_20260927_v2.2.0_gha","2026-09-28 06:00","2.2.0","+0930","primary","s26",1,"","",29,"06:00"
"2026-09-28 06:16:49","7320","Burnie","TAS","regional","Samsung Galaxy S26 5G 256GB","N","","NONE","","Delivered by 30 September",6.99,"N","No on-demand option offered","ON_DEMAND_UNAVAILABLE","",3,"Burnie TAS 7320","primary_20260927_v2.2.0_gha","2026-09-28 06:00","2.2.0","+0930","primary","s26",1,"","",29,"06:00"
